-- phpMyAdmin SQL Dump
-- version 5.2.1
-- https://www.phpmyadmin.net/
--
-- Host: 127.0.0.1
-- Generation Time: Oct 23, 2024 at 06:30 PM
-- Server version: 10.4.32-MariaDB
-- PHP Version: 8.2.12

SET SQL_MODE = "NO_AUTO_VALUE_ON_ZERO";
START TRANSACTION;
SET time_zone = "+00:00";


/*!40101 SET @OLD_CHARACTER_SET_CLIENT=@@CHARACTER_SET_CLIENT */;
/*!40101 SET @OLD_CHARACTER_SET_RESULTS=@@CHARACTER_SET_RESULTS */;
/*!40101 SET @OLD_COLLATION_CONNECTION=@@COLLATION_CONNECTION */;
/*!40101 SET NAMES utf8mb4 */;

--
-- Database: `kathongpos`
--

-- --------------------------------------------------------

--
-- Table structure for table `closedaily`
--

CREATE TABLE `closedaily` (
  `id` int(11) NOT NULL,
  `cash_in_machine` decimal(10,2) NOT NULL,
  `cash_in_system` decimal(10,2) NOT NULL,
  `cash_difference` decimal(10,2) NOT NULL,
  `user_id` int(11) NOT NULL,
  `date` date NOT NULL
) ENGINE=InnoDB DEFAULT CHARSET=utf8mb4 COLLATE=utf8mb4_general_ci;

--
-- Dumping data for table `closedaily`
--

INSERT INTO `closedaily` (`id`, `cash_in_machine`, `cash_in_system`, `cash_difference`, `user_id`, `date`) VALUES
(1, 50.00, 30.00, -20.00, 12345, '2024-10-11'),
(4, 3500.00, 215.00, -3285.00, 12345, '2024-10-18'),
(29, 200.00, 125.00, -75.00, 12345, '2024-10-19'),
(31, 2000.00, 1205.00, -795.00, 12345, '2024-10-20'),
(42, 500.00, 295.00, 205.00, 12345, '2024-10-22'),
(43, 1690.00, 1545.00, 145.00, 12345, '2024-10-23');

-- --------------------------------------------------------

--
-- Table structure for table `customers`
--

CREATE TABLE `customers` (
  `c_id` int(5) NOT NULL,
  `c_tel` varchar(10) NOT NULL,
  `c_fname` varchar(30) NOT NULL,
  `c_lname` varchar(30) NOT NULL,
  `c_points` int(11) DEFAULT 0,
  `c_status` varchar(10) DEFAULT NULL
) ENGINE=InnoDB DEFAULT CHARSET=utf8mb4 COLLATE=utf8mb4_general_ci;

--
-- Dumping data for table `customers`
--

INSERT INTO `customers` (`c_id`, `c_tel`, `c_fname`, `c_lname`, `c_points`, `c_status`) VALUES
(1, '0621645650', 'Ratapumin', 'Naudom', 45, 'Active'),
(18, '0935166934', 'Thitima', 'Prabuntow', 101, 'Active');

-- --------------------------------------------------------

--
-- Table structure for table `orders`
--

CREATE TABLE `orders` (
  `order_id` varchar(12) NOT NULL,
  `order_no` int(3) NOT NULL,
  `order_date_time` timestamp NOT NULL DEFAULT current_timestamp() ON UPDATE current_timestamp(),
  `payment_type` varchar(10) NOT NULL,
  `user_id` int(5) DEFAULT NULL,
  `c_id` int(5) DEFAULT NULL
) ENGINE=InnoDB DEFAULT CHARSET=utf8mb4 COLLATE=utf8mb4_general_ci;

--
-- Dumping data for table `orders`
--

INSERT INTO `orders` (`order_id`, `order_no`, `order_date_time`, `payment_type`, `user_id`, `c_id`) VALUES
('20230101001', 1, '2023-01-01 01:30:00', 'cash', 22453, 1),
('20230101002', 2, '2023-01-01 02:00:00', 'promtpay', 22453, 18),
('20230101003', 3, '2023-01-01 02:30:00', 'cash', 22453, NULL),
('20230101004', 4, '2023-01-01 03:00:00', 'promtpay', 22453, 1),
('20230101005', 5, '2023-01-01 03:30:00', 'cash', 22453, NULL),
('20230101006', 6, '2023-01-01 04:00:00', 'promtpay', 22453, 18),
('20230101007', 7, '2023-01-01 04:30:00', 'cash', 22453, NULL),
('20230101008', 8, '2023-01-01 05:00:00', 'promtpay', 22453, 1),
('20230101009', 9, '2023-01-01 05:30:00', 'cash', 22453, NULL),
('20230101010', 10, '2023-01-01 06:00:00', 'promtpay', 22453, 18),
('20230111031', 31, '2023-01-11 11:48:41', 'cash', 12345, NULL),
('20230202001', 1, '2023-02-02 01:30:00', 'cash', 22453, 1),
('20230202002', 2, '2023-02-02 02:00:00', 'promtpay', 22453, 18),
('20230202003', 3, '2023-02-02 02:30:00', 'cash', 22453, NULL),
('20230202004', 4, '2023-02-02 03:00:00', 'promtpay', 22453, 1),
('20230202005', 5, '2023-02-02 03:30:00', 'cash', 22453, NULL),
('20230202006', 6, '2023-02-02 04:00:00', 'promtpay', 22453, 18),
('20230202007', 7, '2023-02-02 04:30:00', 'cash', 22453, NULL),
('20230202008', 8, '2023-02-02 05:00:00', 'promtpay', 22453, 1),
('20230202009', 9, '2023-02-02 05:30:00', 'cash', 22453, NULL),
('20230202010', 10, '2023-02-02 06:00:00', 'promtpay', 22453, 18),
('20230211030', 30, '2023-02-11 11:46:52', 'cash', 12345, NULL),
('20230303001', 1, '2023-03-03 01:30:00', 'cash', 22453, 1),
('20230303002', 2, '2023-03-03 02:00:00', 'promtpay', 22453, 18),
('20230303003', 3, '2023-03-03 02:30:00', 'cash', 22453, NULL),
('20230303004', 4, '2023-03-03 03:00:00', 'promtpay', 22453, 1),
('20230303005', 5, '2023-03-03 03:30:00', 'cash', 22453, NULL),
('20230303006', 6, '2023-03-03 04:00:00', 'promtpay', 22453, 18),
('20230303007', 7, '2023-03-03 04:30:00', 'cash', 22453, NULL),
('20230303008', 8, '2023-03-03 05:00:00', 'promtpay', 22453, 1),
('20230303009', 9, '2023-03-03 05:30:00', 'cash', 22453, NULL),
('20230303010', 10, '2023-03-03 06:00:00', 'promtpay', 22453, 18),
('20230311029', 29, '2023-03-11 11:49:38', 'cash', 12345, NULL),
('20230404001', 1, '2023-04-04 01:30:00', 'cash', 22453, 1),
('20230404002', 2, '2023-04-04 02:00:00', 'promtpay', 22453, 18),
('20230404003', 3, '2023-04-04 02:30:00', 'cash', 22453, NULL),
('20230404004', 4, '2023-04-04 03:00:00', 'promtpay', 22453, 1),
('20230404005', 5, '2023-04-04 03:30:00', 'cash', 22453, NULL),
('20230404006', 6, '2023-04-04 04:00:00', 'promtpay', 22453, 18),
('20230404007', 7, '2023-04-04 04:30:00', 'cash', 22453, NULL),
('20230404008', 8, '2023-04-04 05:00:00', 'promtpay', 22453, 1),
('20230404009', 9, '2023-04-04 05:30:00', 'cash', 22453, NULL),
('20230404010', 10, '2023-04-04 06:00:00', 'promtpay', 22453, 18),
('20230411026', 26, '2023-04-11 11:50:32', 'cash', 12345, NULL),
('20230505001', 1, '2023-05-05 01:30:00', 'cash', 22453, 1),
('20230505002', 2, '2023-05-05 02:00:00', 'promtpay', 22453, 18),
('20230505003', 3, '2023-05-05 02:30:00', 'cash', 22453, NULL),
('20230505004', 4, '2023-05-05 03:00:00', 'promtpay', 22453, 1),
('20230505005', 5, '2023-05-05 03:30:00', 'cash', 22453, NULL),
('20230505006', 6, '2023-05-05 04:00:00', 'promtpay', 22453, 18),
('20230505007', 7, '2023-05-05 04:30:00', 'cash', 22453, NULL),
('20230505008', 8, '2023-05-05 05:00:00', 'promtpay', 22453, 1),
('20230505009', 9, '2023-05-05 05:30:00', 'cash', 22453, NULL),
('20230505010', 10, '2023-05-05 06:00:00', 'promtpay', 22453, 18),
('20230511025', 25, '2023-05-11 11:50:57', 'cash', 12345, 1),
('20230606001', 1, '2023-06-06 01:30:00', 'cash', 22453, 1),
('20230606002', 2, '2023-06-06 02:00:00', 'promtpay', 22453, 18),
('20230606003', 3, '2023-06-06 02:30:00', 'cash', 22453, NULL),
('20230606004', 4, '2023-06-06 03:00:00', 'promtpay', 22453, 1),
('20230606005', 5, '2023-06-06 03:30:00', 'cash', 22453, NULL),
('20230606006', 6, '2023-06-06 04:00:00', 'promtpay', 22453, 18),
('20230606007', 7, '2023-06-06 04:30:00', 'cash', 22453, NULL),
('20230606008', 8, '2023-06-06 05:00:00', 'promtpay', 22453, 1),
('20230606009', 9, '2023-06-06 05:30:00', 'cash', 22453, NULL),
('20230606010', 10, '2023-06-06 06:00:00', 'promtpay', 22453, 18),
('20230611024', 24, '2023-06-11 11:51:40', 'cash', 12345, NULL),
('20230707001', 1, '2023-07-07 01:30:00', 'cash', 22453, 1),
('20230707002', 2, '2023-07-07 02:00:00', 'promtpay', 22453, 18),
('20230707003', 3, '2023-07-07 02:30:00', 'cash', 22453, NULL),
('20230707004', 4, '2023-07-07 03:00:00', 'promtpay', 22453, 1),
('20230707005', 5, '2023-07-07 03:30:00', 'cash', 22453, NULL),
('20230707006', 6, '2023-07-07 04:00:00', 'promtpay', 22453, 18),
('20230707007', 7, '2023-07-07 04:30:00', 'cash', 22453, NULL),
('20230707008', 8, '2023-07-07 05:00:00', 'promtpay', 22453, 1),
('20230707009', 9, '2023-07-07 05:30:00', 'cash', 22453, NULL),
('20230707010', 10, '2023-07-07 06:00:00', 'promtpay', 22453, 18),
('20230711023', 23, '2023-07-11 11:52:07', 'promtpay', 12345, NULL),
('20230808001', 1, '2023-08-08 01:30:00', 'cash', 22453, 1),
('20230808002', 2, '2023-08-08 02:00:00', 'promtpay', 22453, 18),
('20230808003', 3, '2023-08-08 02:30:00', 'cash', 22453, NULL),
('20230808004', 4, '2023-08-08 03:00:00', 'promtpay', 22453, 1),
('20230808005', 5, '2023-08-08 03:30:00', 'cash', 22453, NULL),
('20230808006', 6, '2023-08-08 04:00:00', 'promtpay', 22453, 18),
('20230808007', 7, '2023-08-08 04:30:00', 'cash', 22453, NULL),
('20230808008', 8, '2023-08-08 05:00:00', 'promtpay', 22453, 1),
('20230808009', 9, '2023-08-08 05:30:00', 'cash', 22453, NULL),
('20230808010', 10, '2023-08-08 06:00:00', 'promtpay', 22453, 18),
('20230811028', 28, '2023-08-11 11:52:29', 'cash', 12345, NULL),
('20230909001', 1, '2023-09-09 01:30:00', 'cash', 22453, 1),
('20230909002', 2, '2023-09-09 02:00:00', 'promtpay', 22453, 18),
('20230909003', 3, '2023-09-09 02:30:00', 'cash', 22453, NULL),
('20230909004', 4, '2023-09-09 03:00:00', 'promtpay', 22453, 1),
('20230909005', 5, '2023-09-09 03:30:00', 'cash', 22453, NULL),
('20230909006', 6, '2023-09-09 04:00:00', 'promtpay', 22453, 18),
('20230909007', 7, '2023-09-09 04:30:00', 'cash', 22453, NULL),
('20230909008', 8, '2023-09-09 05:00:00', 'promtpay', 22453, 1),
('20230909009', 9, '2023-09-09 05:30:00', 'cash', 22453, NULL),
('20230909010', 10, '2023-09-09 06:00:00', 'promtpay', 22453, 18),
('20230911022', 22, '2023-09-11 11:52:51', 'promtpay', 12345, NULL),
('20230911035', 35, '2023-09-11 11:55:24', 'cash', 12345, NULL),
('20231010001', 1, '2023-10-10 01:30:00', 'cash', 22453, 1),
('20231010002', 2, '2023-10-10 02:00:00', 'promtpay', 22453, 18),
('20231010003', 3, '2023-10-10 02:30:00', 'cash', 22453, NULL),
('20231010004', 4, '2023-10-10 03:00:00', 'promtpay', 22453, 1),
('20231010005', 5, '2023-10-10 03:30:00', 'cash', 22453, NULL),
('20231010006', 6, '2023-10-10 04:00:00', 'promtpay', 22453, 18),
('20231010007', 7, '2023-10-10 04:30:00', 'cash', 22453, NULL),
('20231010008', 8, '2023-10-10 05:00:00', 'promtpay', 22453, 1),
('20231010009', 9, '2023-10-10 05:30:00', 'cash', 22453, NULL),
('20231010010', 10, '2023-10-10 06:00:00', 'promtpay', 22453, 18),
('20231011032', 32, '2023-10-11 11:53:25', 'cash', 12345, NULL),
('20231110001', 1, '2023-11-10 01:30:00', 'cash', 22453, 1),
('20231110002', 2, '2023-11-10 02:00:00', 'promtpay', 22453, 18),
('20231110003', 3, '2023-11-10 02:30:00', 'cash', 22453, NULL),
('20231110004', 4, '2023-11-10 03:00:00', 'promtpay', 22453, 1),
('20231110005', 5, '2023-11-10 03:30:00', 'cash', 22453, NULL),
('20231110006', 6, '2023-11-10 04:00:00', 'promtpay', 22453, 18),
('20231110007', 7, '2023-11-10 04:30:00', 'cash', 22453, NULL),
('20231110008', 8, '2023-11-10 05:00:00', 'promtpay', 22453, 1),
('20231110009', 9, '2023-11-10 05:30:00', 'cash', 22453, NULL),
('20231110010', 10, '2023-11-10 06:00:00', 'promtpay', 22453, 18),
('20231111033', 33, '2023-11-11 11:54:45', 'cash', 12345, NULL),
('20231211034', 34, '2023-12-11 11:55:03', 'cash', 12345, NULL),
('20231212001', 1, '2023-12-12 01:30:00', 'cash', 22453, 1),
('20231212002', 2, '2023-12-12 02:00:00', 'promtpay', 22453, 18),
('20231212003', 3, '2023-12-12 02:30:00', 'cash', 22453, NULL),
('20231212004', 4, '2023-12-12 03:00:00', 'promtpay', 22453, 1),
('20231212005', 5, '2023-12-12 03:30:00', 'cash', 22453, NULL),
('20231212006', 6, '2023-12-12 04:00:00', 'promtpay', 22453, 18),
('20231212007', 7, '2023-12-12 04:30:00', 'cash', 22453, NULL),
('20231212008', 8, '2023-12-12 05:00:00', 'promtpay', 22453, 1),
('20231212009', 9, '2023-12-12 05:30:00', 'cash', 22453, NULL),
('20231212010', 10, '2023-12-12 06:00:00', 'promtpay', 22453, 18),
('20240101001', 1, '2024-01-01 01:30:00', 'cash', 22453, 1),
('20240101002', 2, '2024-01-01 02:00:00', 'promtpay', 22453, 18),
('20240101003', 3, '2024-01-01 02:30:00', 'cash', 22453, NULL),
('20240101004', 4, '2024-01-01 03:00:00', 'promtpay', 22453, 1),
('20240101005', 5, '2024-01-01 03:30:00', 'cash', 22453, NULL),
('20240101006', 6, '2024-01-01 04:00:00', 'promtpay', 22453, 18),
('20240101007', 7, '2024-01-01 04:30:00', 'cash', 22453, NULL),
('20240101008', 8, '2024-01-01 05:00:00', 'promtpay', 22453, 1),
('20240101009', 9, '2024-01-01 05:30:00', 'cash', 22453, NULL),
('20240101010', 10, '2024-01-01 06:00:00', 'promtpay', 22453, 18),
('20240102001', 1, '2024-01-02 01:30:00', 'cash', 22453, 1),
('20240102002', 2, '2024-01-02 02:00:00', 'promtpay', 22453, 18),
('20240102003', 3, '2024-01-02 02:30:00', 'cash', 22453, NULL),
('20240102004', 4, '2024-01-02 03:00:00', 'promtpay', 22453, 1),
('20240102005', 5, '2024-01-02 03:30:00', 'cash', 22453, NULL),
('20240102006', 6, '2024-01-02 04:00:00', 'promtpay', 22453, 18),
('20240102007', 7, '2024-01-02 04:30:00', 'cash', 22453, NULL),
('20240102008', 8, '2024-01-02 05:00:00', 'promtpay', 22453, 1),
('20240102009', 9, '2024-01-02 05:30:00', 'cash', 22453, NULL),
('20240102010', 10, '2024-01-02 06:00:00', 'promtpay', 22453, 18),
('20240103001', 1, '2024-01-03 01:30:00', 'cash', 22453, 1),
('20240103002', 2, '2024-01-03 02:00:00', 'promtpay', 22453, 18),
('20240103003', 3, '2024-01-03 02:30:00', 'cash', 22453, NULL),
('20240103004', 4, '2024-01-03 03:00:00', 'promtpay', 22453, 1),
('20240103005', 5, '2024-01-03 03:30:00', 'cash', 22453, NULL),
('20240103006', 6, '2024-01-03 04:00:00', 'promtpay', 22453, 18),
('20240103007', 7, '2024-01-03 04:30:00', 'cash', 22453, NULL),
('20240103008', 8, '2024-01-03 05:00:00', 'promtpay', 22453, 1),
('20240103009', 9, '2024-01-03 05:30:00', 'cash', 22453, NULL),
('20240103010', 10, '2024-01-03 06:00:00', 'promtpay', 22453, 18),
('20240104001', 1, '2024-01-04 01:30:00', 'cash', 22453, 1),
('20240104002', 2, '2024-01-04 02:00:00', 'promtpay', 22453, 18),
('20240104003', 3, '2024-01-04 02:30:00', 'cash', 22453, NULL),
('20240104004', 4, '2024-01-04 03:00:00', 'promtpay', 22453, 1),
('20240104005', 5, '2024-01-04 03:30:00', 'cash', 22453, NULL),
('20240104006', 6, '2024-01-04 04:00:00', 'promtpay', 22453, 18),
('20240104007', 7, '2024-01-04 04:30:00', 'cash', 22453, NULL),
('20240104008', 8, '2024-01-04 05:00:00', 'promtpay', 22453, 1),
('20240104009', 9, '2024-01-04 05:30:00', 'cash', 22453, NULL),
('20240104010', 10, '2024-01-04 06:00:00', 'promtpay', 22453, 18),
('20240105001', 1, '2024-01-05 01:30:00', 'cash', 22453, 1),
('20240105002', 2, '2024-01-05 02:00:00', 'promtpay', 22453, 18),
('20240105003', 3, '2024-01-05 02:30:00', 'cash', 22453, NULL),
('20240105004', 4, '2024-01-05 03:00:00', 'promtpay', 22453, 1),
('20240105005', 5, '2024-01-05 03:30:00', 'cash', 22453, NULL),
('20240105006', 6, '2024-01-05 04:00:00', 'promtpay', 22453, 18),
('20240105007', 7, '2024-01-05 04:30:00', 'cash', 22453, NULL),
('20240105008', 8, '2024-01-05 05:00:00', 'promtpay', 22453, 1),
('20240105009', 9, '2024-01-05 05:30:00', 'cash', 22453, NULL),
('20240105010', 10, '2024-01-05 06:00:00', 'promtpay', 22453, 18),
('20240202001', 1, '2024-02-02 01:30:00', 'cash', 22453, 1),
('20240202002', 2, '2024-02-02 02:00:00', 'promtpay', 22453, 18),
('20240202003', 3, '2024-02-02 02:30:00', 'cash', 22453, NULL),
('20240202004', 4, '2024-02-02 03:00:00', 'promtpay', 22453, 1),
('20240202005', 5, '2024-02-02 03:30:00', 'cash', 22453, NULL),
('20240202006', 6, '2024-02-02 04:00:00', 'promtpay', 22453, 18),
('20240202007', 7, '2024-02-02 04:30:00', 'cash', 22453, NULL),
('20240202008', 8, '2024-02-02 05:00:00', 'promtpay', 22453, 1),
('20240202009', 9, '2024-02-02 05:30:00', 'cash', 22453, NULL),
('20240202010', 10, '2024-02-02 06:00:00', 'promtpay', 22453, 18),
('20240303001', 1, '2024-03-03 01:30:00', 'cash', 22453, 1),
('20240303002', 2, '2024-03-03 02:00:00', 'promtpay', 22453, 18),
('20240303003', 3, '2024-03-03 02:30:00', 'cash', 22453, NULL),
('20240303004', 4, '2024-03-03 03:00:00', 'promtpay', 22453, 1),
('20240303005', 5, '2024-03-03 03:30:00', 'cash', 22453, NULL),
('20240303006', 6, '2024-03-03 04:00:00', 'promtpay', 22453, 18),
('20240303007', 7, '2024-03-03 04:30:00', 'cash', 22453, NULL),
('20240303008', 8, '2024-03-03 05:00:00', 'promtpay', 22453, 1),
('20240303009', 9, '2024-03-03 05:30:00', 'cash', 22453, NULL),
('20240303010', 10, '2024-03-03 06:00:00', 'promtpay', 22453, 18),
('20240404001', 1, '2024-04-04 01:30:00', 'cash', 22453, 1),
('20240404002', 2, '2024-04-04 02:00:00', 'promtpay', 22453, 18),
('20240404003', 3, '2024-04-04 02:30:00', 'cash', 22453, NULL),
('20240404004', 4, '2024-04-04 03:00:00', 'promtpay', 22453, 1),
('20240404005', 5, '2024-04-04 03:30:00', 'cash', 22453, NULL),
('20240404006', 6, '2024-04-04 04:00:00', 'promtpay', 22453, 18),
('20240404007', 7, '2024-04-04 04:30:00', 'cash', 22453, NULL),
('20240404008', 8, '2024-04-04 05:00:00', 'promtpay', 22453, 1),
('20240404009', 9, '2024-04-04 05:30:00', 'cash', 22453, NULL),
('20240404010', 10, '2024-04-04 06:00:00', 'promtpay', 22453, 18),
('20240505001', 1, '2024-05-05 01:30:00', 'cash', 22453, 1),
('20240505002', 2, '2024-05-05 02:00:00', 'promtpay', 22453, 18),
('20240505003', 3, '2024-05-05 02:30:00', 'cash', 22453, NULL),
('20240505004', 4, '2024-05-05 03:00:00', 'promtpay', 22453, 1),
('20240505005', 5, '2024-05-05 03:30:00', 'cash', 22453, NULL),
('20240505006', 6, '2024-05-05 04:00:00', 'promtpay', 22453, 18),
('20240505007', 7, '2024-05-05 04:30:00', 'cash', 22453, NULL),
('20240505008', 8, '2024-05-05 05:00:00', 'promtpay', 22453, 1),
('20240505009', 9, '2024-05-05 05:30:00', 'cash', 22453, NULL),
('20240505010', 10, '2024-05-05 06:00:00', 'promtpay', 22453, 18),
('20240606001', 1, '2024-06-06 01:30:00', 'cash', 22453, 1),
('20240606002', 2, '2024-06-06 02:00:00', 'promtpay', 22453, 18),
('20240606003', 3, '2024-06-06 02:30:00', 'cash', 22453, NULL),
('20240606004', 4, '2024-06-06 03:00:00', 'promtpay', 22453, 1),
('20240606005', 5, '2024-06-06 03:30:00', 'cash', 22453, NULL),
('20240606006', 6, '2024-06-06 04:00:00', 'promtpay', 22453, 18),
('20240606007', 7, '2024-06-06 04:30:00', 'cash', 22453, NULL),
('20240606008', 8, '2024-06-06 05:00:00', 'promtpay', 22453, 1),
('20240606009', 9, '2024-06-06 05:30:00', 'cash', 22453, NULL),
('20240606010', 10, '2024-06-06 06:00:00', 'promtpay', 22453, 18),
('20240707001', 1, '2024-07-07 01:30:00', 'cash', 22453, 1),
('20240707002', 2, '2024-07-07 02:00:00', 'promtpay', 22453, 18),
('20240707003', 3, '2024-07-07 02:30:00', 'cash', 22453, NULL),
('20240707004', 4, '2024-07-07 03:00:00', 'promtpay', 22453, 1),
('20240707005', 5, '2024-07-07 03:30:00', 'cash', 22453, NULL),
('20240707006', 6, '2024-07-07 04:00:00', 'promtpay', 22453, 18),
('20240707007', 7, '2024-07-07 04:30:00', 'cash', 22453, NULL),
('20240707008', 8, '2024-07-07 05:00:00', 'promtpay', 22453, 1),
('20240707009', 9, '2024-07-07 05:30:00', 'cash', 22453, NULL),
('20240707010', 10, '2024-07-07 06:00:00', 'promtpay', 22453, 18),
('20240808001', 1, '2024-08-08 01:30:00', 'cash', 22453, 1),
('20240808002', 2, '2024-08-08 02:00:00', 'promtpay', 22453, 18),
('20240808003', 3, '2024-08-08 02:30:00', 'cash', 22453, NULL),
('20240808004', 4, '2024-08-08 03:00:00', 'promtpay', 22453, 1),
('20240808005', 5, '2024-08-08 03:30:00', 'cash', 22453, NULL),
('20240808006', 6, '2024-08-08 04:00:00', 'promtpay', 22453, 18),
('20240808007', 7, '2024-08-08 04:30:00', 'cash', 22453, NULL),
('20240808008', 8, '2024-08-08 05:00:00', 'promtpay', 22453, 1),
('20240808009', 9, '2024-08-08 05:30:00', 'cash', 22453, NULL),
('20240808010', 10, '2024-08-08 06:00:00', 'promtpay', 22453, 18),
('20240901001', 1, '2024-09-01 01:30:00', 'cash', 22453, 1),
('20240901002', 2, '2024-09-01 02:00:00', 'promtpay', 22453, 18),
('20240901003', 3, '2024-09-01 02:30:00', 'cash', 22453, NULL),
('20240901004', 4, '2024-09-01 03:00:00', 'promtpay', 22453, 1),
('20240901005', 5, '2024-09-01 03:30:00', 'cash', 22453, NULL),
('20240901006', 6, '2024-09-01 04:00:00', 'promtpay', 22453, 18),
('20240901007', 7, '2024-09-01 04:30:00', 'cash', 22453, NULL),
('20240901008', 8, '2024-09-01 05:00:00', 'promtpay', 22453, 1),
('20240901009', 9, '2024-09-01 05:30:00', 'cash', 22453, NULL),
('20240901010', 10, '2024-09-01 06:00:00', 'promtpay', 22453, 18),
('20240902001', 1, '2024-09-02 01:30:00', 'cash', 22453, 1),
('20240902002', 2, '2024-09-02 02:00:00', 'promtpay', 22453, 18),
('20240902003', 3, '2024-09-02 02:30:00', 'cash', 22453, NULL),
('20240902004', 4, '2024-09-02 03:00:00', 'promtpay', 22453, 1),
('20240902005', 5, '2024-09-02 03:30:00', 'cash', 22453, NULL),
('20240902006', 6, '2024-09-02 04:00:00', 'promtpay', 22453, 18),
('20240902007', 7, '2024-09-02 04:30:00', 'cash', 22453, NULL),
('20240902008', 8, '2024-09-02 05:00:00', 'promtpay', 22453, 1),
('20240902009', 9, '2024-09-02 05:30:00', 'cash', 22453, NULL),
('20240902010', 10, '2024-09-02 06:00:00', 'promtpay', 22453, 18),
('20240903001', 1, '2024-09-03 01:30:00', 'cash', 22453, 1),
('20240903002', 2, '2024-09-03 02:00:00', 'promtpay', 22453, 18),
('20240903003', 3, '2024-09-03 02:30:00', 'cash', 22453, NULL),
('20240903004', 4, '2024-09-03 03:00:00', 'promtpay', 22453, 1),
('20240903005', 5, '2024-09-03 03:30:00', 'cash', 22453, NULL),
('20240903006', 6, '2024-09-03 04:00:00', 'promtpay', 22453, 18),
('20240903007', 7, '2024-09-03 04:30:00', 'cash', 22453, NULL),
('20240903008', 8, '2024-09-03 05:00:00', 'promtpay', 22453, 1),
('20240903009', 9, '2024-09-03 05:30:00', 'cash', 22453, NULL),
('20240903010', 10, '2024-09-03 06:00:00', 'promtpay', 22453, 18),
('20240904001', 1, '2024-09-04 01:30:00', 'cash', 22453, 1),
('20240904002', 2, '2024-09-04 02:00:00', 'promtpay', 22453, 18),
('20240904003', 3, '2024-09-04 02:30:00', 'cash', 22453, NULL),
('20240904004', 4, '2024-09-04 03:00:00', 'promtpay', 22453, 1),
('20240904005', 5, '2024-09-04 03:30:00', 'cash', 22453, NULL),
('20240904006', 6, '2024-09-04 04:00:00', 'promtpay', 22453, 18),
('20240904007', 7, '2024-09-04 04:30:00', 'cash', 22453, NULL),
('20240904008', 8, '2024-09-04 05:00:00', 'promtpay', 22453, 1),
('20240904009', 9, '2024-09-04 05:30:00', 'cash', 22453, NULL),
('20240904010', 10, '2024-09-04 06:00:00', 'promtpay', 22453, 18),
('20240905001', 1, '2024-09-05 01:30:00', 'cash', 22453, 1),
('20240905002', 2, '2024-09-05 02:00:00', 'promtpay', 22453, 18),
('20240905003', 3, '2024-09-05 02:30:00', 'cash', 22453, NULL),
('20240905004', 4, '2024-09-05 03:00:00', 'promtpay', 22453, 1),
('20240905005', 5, '2024-09-05 03:30:00', 'cash', 22453, NULL),
('20240905006', 6, '2024-09-05 04:00:00', 'promtpay', 22453, 18),
('20240905007', 7, '2024-09-05 04:30:00', 'cash', 22453, NULL),
('20240905008', 8, '2024-09-05 05:00:00', 'promtpay', 22453, 1),
('20240905009', 9, '2024-09-05 05:30:00', 'cash', 22453, NULL),
('20240905010', 10, '2024-09-05 06:00:00', 'promtpay', 22453, 18),
('20240906001', 1, '2024-09-06 01:30:00', 'cash', 22453, 1),
('20240906002', 2, '2024-09-06 02:00:00', 'promtpay', 22453, 18),
('20240906003', 3, '2024-09-06 02:30:00', 'cash', 22453, NULL),
('20240906004', 4, '2024-09-06 03:00:00', 'promtpay', 22453, 1),
('20240906005', 5, '2024-09-06 03:30:00', 'cash', 22453, NULL),
('20240906006', 6, '2024-09-06 04:00:00', 'promtpay', 22453, 18),
('20240906007', 7, '2024-09-06 04:30:00', 'cash', 22453, NULL),
('20240906008', 8, '2024-09-06 05:00:00', 'promtpay', 22453, 1),
('20240906009', 9, '2024-09-06 05:30:00', 'cash', 22453, NULL),
('20240906010', 10, '2024-09-06 06:00:00', 'promtpay', 22453, 18),
('20240907001', 1, '2024-09-07 01:30:00', 'cash', 22453, 1),
('20240907002', 2, '2024-09-07 02:00:00', 'promtpay', 22453, 18),
('20240907003', 3, '2024-09-07 02:30:00', 'cash', 22453, NULL),
('20240907004', 4, '2024-09-07 03:00:00', 'promtpay', 22453, 1),
('20240907005', 5, '2024-09-07 03:30:00', 'cash', 22453, NULL),
('20240907006', 6, '2024-09-07 04:00:00', 'promtpay', 22453, 18),
('20240907007', 7, '2024-09-07 04:30:00', 'cash', 22453, NULL),
('20240907008', 8, '2024-09-07 05:00:00', 'promtpay', 22453, 1),
('20240907009', 9, '2024-09-07 05:30:00', 'cash', 22453, NULL),
('20240907010', 10, '2024-09-07 06:00:00', 'promtpay', 22453, 18),
('20240908001', 1, '2024-09-08 01:30:00', 'cash', 22453, 1),
('20240908002', 2, '2024-09-08 02:00:00', 'promtpay', 22453, 18),
('20240908003', 3, '2024-09-08 02:30:00', 'cash', 22453, NULL),
('20240908004', 4, '2024-09-08 03:00:00', 'promtpay', 22453, 1),
('20240908005', 5, '2024-09-08 03:30:00', 'cash', 22453, NULL),
('20240908006', 6, '2024-09-08 04:00:00', 'promtpay', 22453, 18),
('20240908007', 7, '2024-09-08 04:30:00', 'cash', 22453, NULL),
('20240908008', 8, '2024-09-08 05:00:00', 'promtpay', 22453, 1),
('20240908009', 9, '2024-09-08 05:30:00', 'cash', 22453, NULL),
('20240908010', 10, '2024-09-08 06:00:00', 'promtpay', 22453, 18),
('20240909001', 1, '2024-09-09 01:30:00', 'cash', 22453, 1),
('20240909002', 2, '2024-09-09 02:00:00', 'promtpay', 22453, 18),
('20240909003', 3, '2024-09-09 02:30:00', 'cash', 22453, NULL),
('20240909004', 4, '2024-09-09 03:00:00', 'promtpay', 22453, 1),
('20240909005', 5, '2024-09-09 03:30:00', 'cash', 22453, NULL),
('20240909006', 6, '2024-09-09 04:00:00', 'promtpay', 22453, 18),
('20240909007', 7, '2024-09-09 04:30:00', 'cash', 22453, NULL),
('20240909008', 8, '2024-09-09 05:00:00', 'promtpay', 22453, 1),
('20240909009', 9, '2024-09-09 05:30:00', 'cash', 22453, NULL),
('20240909010', 10, '2024-09-09 06:00:00', 'promtpay', 22453, 18),
('20240910001', 1, '2024-09-10 01:30:00', 'cash', 22453, 1),
('20240910002', 2, '2024-09-10 02:00:00', 'promtpay', 22453, 18),
('20240910003', 3, '2024-09-10 02:30:00', 'cash', 22453, NULL),
('20240910004', 4, '2024-09-10 03:00:00', 'promtpay', 22453, 1),
('20240910005', 5, '2024-09-10 03:30:00', 'cash', 22453, NULL),
('20240910006', 6, '2024-09-10 04:00:00', 'promtpay', 22453, 18),
('20240910007', 7, '2024-09-10 04:30:00', 'cash', 22453, NULL),
('20240910008', 8, '2024-09-10 05:00:00', 'promtpay', 22453, 1),
('20240910009', 9, '2024-09-10 05:30:00', 'cash', 22453, NULL),
('20240910010', 10, '2024-09-10 06:00:00', 'promtpay', 22453, 18),
('20240911001', 1, '2024-09-11 01:30:00', 'cash', 22453, 1),
('20240911002', 2, '2024-09-11 02:00:00', 'promtpay', 22453, 18),
('20240911003', 3, '2024-09-11 02:30:00', 'cash', 22453, NULL),
('20240911004', 4, '2024-09-11 03:00:00', 'promtpay', 22453, 1),
('20240911005', 5, '2024-09-11 03:30:00', 'cash', 22453, NULL),
('20240911006', 6, '2024-09-11 04:00:00', 'promtpay', 22453, 18),
('20240911007', 7, '2024-09-11 04:30:00', 'cash', 22453, NULL),
('20240911008', 8, '2024-09-11 05:00:00', 'promtpay', 22453, 1),
('20240911009', 9, '2024-09-11 05:30:00', 'cash', 22453, NULL),
('20240911010', 10, '2024-09-11 06:00:00', 'promtpay', 22453, 18),
('20240912001', 1, '2024-09-12 01:30:00', 'cash', 22453, 1),
('20240912002', 2, '2024-09-12 02:00:00', 'promtpay', 22453, 18),
('20240912003', 3, '2024-09-12 02:30:00', 'cash', 22453, NULL),
('20240912004', 4, '2024-09-12 03:00:00', 'promtpay', 22453, 1),
('20240912005', 5, '2024-09-12 03:30:00', 'cash', 22453, NULL),
('20240912006', 6, '2024-09-12 04:00:00', 'promtpay', 22453, 18),
('20240912007', 7, '2024-09-12 04:30:00', 'cash', 22453, NULL),
('20240912008', 8, '2024-09-12 05:00:00', 'promtpay', 22453, 1),
('20240912009', 9, '2024-09-12 05:30:00', 'cash', 22453, NULL),
('20240912010', 10, '2024-09-12 06:00:00', 'promtpay', 22453, 18),
('20240913001', 1, '2024-09-13 01:30:00', 'cash', 22453, 1),
('20240913002', 2, '2024-09-13 02:00:00', 'promtpay', 22453, 18),
('20240913003', 3, '2024-09-13 02:30:00', 'cash', 22453, NULL),
('20240913004', 4, '2024-09-13 03:00:00', 'promtpay', 22453, 1),
('20240913005', 5, '2024-09-13 03:30:00', 'cash', 22453, NULL),
('20240913006', 6, '2024-09-13 04:00:00', 'promtpay', 22453, 18),
('20240913007', 7, '2024-09-13 04:30:00', 'cash', 22453, NULL),
('20240913008', 8, '2024-09-13 05:00:00', 'promtpay', 22453, 1),
('20240913009', 9, '2024-09-13 05:30:00', 'cash', 22453, NULL),
('20240913010', 10, '2024-09-13 06:00:00', 'promtpay', 22453, 18),
('20240914001', 1, '2024-09-14 01:30:00', 'cash', 22453, 1),
('20240914002', 2, '2024-09-14 02:00:00', 'promtpay', 22453, 18),
('20240914003', 3, '2024-09-14 02:30:00', 'cash', 22453, NULL),
('20240914004', 4, '2024-09-14 03:00:00', 'promtpay', 22453, 1),
('20240914005', 5, '2024-09-14 03:30:00', 'cash', 22453, NULL),
('20240914006', 6, '2024-09-14 04:00:00', 'promtpay', 22453, 18),
('20240914007', 7, '2024-09-14 04:30:00', 'cash', 22453, NULL),
('20240914008', 8, '2024-09-14 05:00:00', 'promtpay', 22453, 1),
('20240914009', 9, '2024-09-14 05:30:00', 'cash', 22453, NULL),
('20240914010', 10, '2024-09-14 06:00:00', 'promtpay', 22453, 18),
('20240915001', 1, '2024-09-15 01:30:00', 'cash', 22453, 1),
('20240915002', 2, '2024-09-15 02:00:00', 'promtpay', 22453, 18),
('20240915003', 3, '2024-09-15 02:30:00', 'cash', 22453, NULL),
('20240915004', 4, '2024-09-15 03:00:00', 'promtpay', 22453, 1),
('20240915005', 5, '2024-09-15 03:30:00', 'cash', 22453, NULL),
('20240915006', 6, '2024-09-15 04:00:00', 'promtpay', 22453, 18),
('20240915007', 7, '2024-09-15 04:30:00', 'cash', 22453, NULL),
('20240915008', 8, '2024-09-15 05:00:00', 'promtpay', 22453, 1),
('20240915009', 9, '2024-09-15 05:30:00', 'cash', 22453, NULL),
('20240915010', 10, '2024-09-15 06:00:00', 'promtpay', 22453, 18),
('20240916001', 1, '2024-09-16 01:30:00', 'cash', 22453, 1),
('20240916002', 2, '2024-09-16 02:00:00', 'promtpay', 22453, 18),
('20240916003', 3, '2024-09-16 02:30:00', 'cash', 22453, NULL),
('20240916004', 4, '2024-09-16 03:00:00', 'promtpay', 22453, 1),
('20240916005', 5, '2024-09-16 03:30:00', 'cash', 22453, NULL),
('20240916006', 6, '2024-09-16 04:00:00', 'promtpay', 22453, 18),
('20240916007', 7, '2024-09-16 04:30:00', 'cash', 22453, NULL),
('20240916008', 8, '2024-09-16 05:00:00', 'promtpay', 22453, 1),
('20240916009', 9, '2024-09-16 05:30:00', 'cash', 22453, NULL),
('20240916010', 10, '2024-09-16 06:00:00', 'promtpay', 22453, 18),
('20240917001', 1, '2024-09-17 01:30:00', 'cash', 22453, 1),
('20240917002', 2, '2024-09-17 02:00:00', 'promtpay', 22453, 18),
('20240917003', 3, '2024-09-17 02:30:00', 'cash', 22453, NULL),
('20240917004', 4, '2024-09-17 03:00:00', 'promtpay', 22453, 1),
('20240917005', 5, '2024-09-17 03:30:00', 'cash', 22453, NULL),
('20240917006', 6, '2024-09-17 04:00:00', 'promtpay', 22453, 18),
('20240917007', 7, '2024-09-17 04:30:00', 'cash', 22453, NULL),
('20240917008', 8, '2024-09-17 05:00:00', 'promtpay', 22453, 1),
('20240917009', 9, '2024-09-17 05:30:00', 'cash', 22453, NULL),
('20240917010', 10, '2024-09-17 06:00:00', 'promtpay', 22453, 18),
('20240918001', 1, '2024-09-18 01:30:00', 'cash', 22453, 1),
('20240918002', 2, '2024-09-18 02:00:00', 'promtpay', 22453, 18),
('20240918003', 3, '2024-09-18 02:30:00', 'cash', 22453, NULL),
('20240918004', 4, '2024-09-18 03:00:00', 'promtpay', 22453, 1),
('20240918005', 5, '2024-09-18 03:30:00', 'cash', 22453, NULL),
('20240918006', 6, '2024-09-18 04:00:00', 'promtpay', 22453, 18),
('20240918007', 7, '2024-09-18 04:30:00', 'cash', 22453, NULL),
('20240918008', 8, '2024-09-18 05:00:00', 'promtpay', 22453, 1),
('20240918009', 9, '2024-09-18 05:30:00', 'cash', 22453, NULL),
('20240918010', 10, '2024-09-18 06:00:00', 'promtpay', 22453, 18),
('20240919001', 1, '2024-09-19 01:30:00', 'cash', 22453, 1),
('20240919002', 2, '2024-09-19 02:00:00', 'promtpay', 22453, 18),
('20240919003', 3, '2024-09-19 02:30:00', 'cash', 22453, NULL),
('20240919004', 4, '2024-09-19 03:00:00', 'promtpay', 22453, 1),
('20240919005', 5, '2024-09-19 03:30:00', 'cash', 22453, NULL),
('20240919006', 6, '2024-09-19 04:00:00', 'promtpay', 22453, 18),
('20240919007', 7, '2024-09-19 04:30:00', 'cash', 22453, NULL),
('20240919008', 8, '2024-09-19 05:00:00', 'promtpay', 22453, 1),
('20240919009', 9, '2024-09-19 05:30:00', 'cash', 22453, NULL),
('20240919010', 10, '2024-09-19 06:00:00', 'promtpay', 22453, 18),
('20240920001', 1, '2024-09-20 01:30:00', 'cash', 22453, 1),
('20240920002', 2, '2024-09-20 02:00:00', 'promtpay', 22453, 18),
('20240920003', 3, '2024-09-20 02:30:00', 'cash', 22453, NULL),
('20240920004', 4, '2024-09-20 03:00:00', 'promtpay', 22453, 1),
('20240920005', 5, '2024-09-20 03:30:00', 'cash', 22453, NULL),
('20240920006', 6, '2024-09-20 04:00:00', 'promtpay', 22453, 18),
('20240920007', 7, '2024-09-20 04:30:00', 'cash', 22453, NULL),
('20240920008', 8, '2024-09-20 05:00:00', 'promtpay', 22453, 1),
('20240920009', 9, '2024-09-20 05:30:00', 'cash', 22453, NULL),
('20240920010', 10, '2024-09-20 06:00:00', 'promtpay', 22453, 18),
('20240921001', 1, '2024-09-21 01:30:00', 'cash', 22453, 1),
('20240921002', 2, '2024-09-21 02:00:00', 'promtpay', 22453, 18),
('20240921003', 3, '2024-09-21 02:30:00', 'cash', 22453, NULL),
('20240921004', 4, '2024-09-21 03:00:00', 'promtpay', 22453, 1),
('20240921005', 5, '2024-09-21 03:30:00', 'cash', 22453, NULL),
('20240921006', 6, '2024-09-21 04:00:00', 'promtpay', 22453, 18),
('20240921007', 7, '2024-09-21 04:30:00', 'cash', 22453, NULL),
('20240921008', 8, '2024-09-21 05:00:00', 'promtpay', 22453, 1),
('20240921009', 9, '2024-09-21 05:30:00', 'cash', 22453, NULL),
('20240921010', 10, '2024-09-21 06:00:00', 'promtpay', 22453, 18),
('20240922001', 1, '2024-09-22 01:30:00', 'cash', 22453, 1),
('20240922002', 2, '2024-09-22 02:00:00', 'promtpay', 22453, 18),
('20240922003', 3, '2024-09-22 02:30:00', 'cash', 22453, NULL),
('20240922004', 4, '2024-09-22 03:00:00', 'promtpay', 22453, 1),
('20240922005', 5, '2024-09-22 03:30:00', 'cash', 22453, NULL),
('20240922006', 6, '2024-09-22 04:00:00', 'promtpay', 22453, 18),
('20240922007', 7, '2024-09-22 04:30:00', 'cash', 22453, NULL),
('20240922008', 8, '2024-09-22 05:00:00', 'promtpay', 22453, 1),
('20240922009', 9, '2024-09-22 05:30:00', 'cash', 22453, NULL),
('20240922010', 10, '2024-09-22 06:00:00', 'promtpay', 22453, 18),
('20240923001', 1, '2024-09-23 01:30:00', 'cash', 22453, 1),
('20240923002', 2, '2024-09-23 02:00:00', 'promtpay', 22453, 18),
('20240923003', 3, '2024-09-23 02:30:00', 'cash', 22453, NULL),
('20240923004', 4, '2024-09-23 03:00:00', 'promtpay', 22453, 1),
('20240923005', 5, '2024-09-23 03:30:00', 'cash', 22453, NULL),
('20240923006', 6, '2024-09-23 04:00:00', 'promtpay', 22453, 18),
('20240923007', 7, '2024-09-23 04:30:00', 'cash', 22453, NULL),
('20240923008', 8, '2024-09-23 05:00:00', 'promtpay', 22453, 1),
('20240923009', 9, '2024-09-23 05:30:00', 'cash', 22453, NULL),
('20240923010', 10, '2024-09-23 06:00:00', 'promtpay', 22453, 18),
('20240924001', 1, '2024-09-24 01:30:00', 'cash', 22453, 1),
('20240924002', 2, '2024-09-24 02:00:00', 'promtpay', 22453, 18),
('20240924003', 3, '2024-09-24 02:30:00', 'cash', 22453, NULL),
('20240924004', 4, '2024-09-24 03:00:00', 'promtpay', 22453, 1),
('20240924005', 5, '2024-09-24 03:30:00', 'cash', 22453, NULL),
('20240924006', 6, '2024-09-24 04:00:00', 'promtpay', 22453, 18),
('20240924007', 7, '2024-09-24 04:30:00', 'cash', 22453, NULL),
('20240924008', 8, '2024-09-24 05:00:00', 'promtpay', 22453, 1),
('20240924009', 9, '2024-09-24 05:30:00', 'cash', 22453, NULL),
('20240924010', 10, '2024-09-24 06:00:00', 'promtpay', 22453, 18),
('20240925001', 1, '2024-09-25 01:30:00', 'cash', 22453, 1),
('20240925002', 2, '2024-09-25 02:00:00', 'promtpay', 22453, 18),
('20240925003', 3, '2024-09-25 02:30:00', 'cash', 22453, NULL),
('20240925004', 4, '2024-09-25 03:00:00', 'promtpay', 22453, 1),
('20240925005', 5, '2024-09-25 03:30:00', 'cash', 22453, NULL),
('20240925006', 6, '2024-09-25 04:00:00', 'promtpay', 22453, 18),
('20240925007', 7, '2024-09-25 04:30:00', 'cash', 22453, NULL),
('20240925008', 8, '2024-09-25 05:00:00', 'promtpay', 22453, 1),
('20240925009', 9, '2024-09-25 05:30:00', 'cash', 22453, NULL),
('20240925010', 10, '2024-09-25 06:00:00', 'promtpay', 22453, 18),
('20240926001', 1, '2024-09-26 01:30:00', 'cash', 22453, 1),
('20240926002', 2, '2024-09-26 02:00:00', 'promtpay', 22453, 18),
('20240926003', 3, '2024-09-26 02:30:00', 'cash', 22453, NULL),
('20240926004', 4, '2024-09-26 03:00:00', 'promtpay', 22453, 1),
('20240926005', 5, '2024-09-26 03:30:00', 'cash', 22453, NULL),
('20240926006', 6, '2024-09-26 04:00:00', 'promtpay', 22453, 18),
('20240926007', 7, '2024-09-26 04:30:00', 'cash', 22453, NULL),
('20240926008', 8, '2024-09-26 05:00:00', 'promtpay', 22453, 1),
('20240926009', 9, '2024-09-26 05:30:00', 'cash', 22453, NULL),
('20240926010', 10, '2024-09-26 06:00:00', 'promtpay', 22453, 18),
('20240927001', 1, '2024-09-27 01:30:00', 'cash', 22453, 1),
('20240927002', 2, '2024-09-27 02:00:00', 'promtpay', 22453, 18),
('20240927003', 3, '2024-09-27 02:30:00', 'cash', 22453, NULL),
('20240927004', 4, '2024-09-27 03:00:00', 'promtpay', 22453, 1),
('20240927005', 5, '2024-09-27 03:30:00', 'cash', 22453, NULL),
('20240927006', 6, '2024-09-27 04:00:00', 'promtpay', 22453, 18),
('20240927007', 7, '2024-09-27 04:30:00', 'cash', 22453, NULL),
('20240927008', 8, '2024-09-27 05:00:00', 'promtpay', 22453, 1),
('20240927009', 9, '2024-09-27 05:30:00', 'cash', 22453, NULL),
('20240927010', 10, '2024-09-27 06:00:00', 'promtpay', 22453, 18),
('20240928001', 1, '2024-09-28 01:30:00', 'cash', 22453, 1),
('20240928002', 2, '2024-09-28 02:00:00', 'promtpay', 22453, 18),
('20240928003', 3, '2024-09-28 02:30:00', 'cash', 22453, NULL),
('20240928004', 4, '2024-09-28 03:00:00', 'promtpay', 22453, 1),
('20240928005', 5, '2024-09-28 03:30:00', 'cash', 22453, NULL),
('20240928006', 6, '2024-09-28 04:00:00', 'promtpay', 22453, 18),
('20240928007', 7, '2024-09-28 04:30:00', 'cash', 22453, NULL),
('20240928008', 8, '2024-09-28 05:00:00', 'promtpay', 22453, 1),
('20240928009', 9, '2024-09-28 05:30:00', 'cash', 22453, NULL),
('20240928010', 10, '2024-09-28 06:00:00', 'promtpay', 22453, 18),
('20240929001', 1, '2024-09-29 01:30:00', 'cash', 22453, 1),
('20240929002', 2, '2024-09-29 02:00:00', 'promtpay', 22453, 18),
('20240929003', 3, '2024-09-29 02:30:00', 'cash', 22453, NULL),
('20240929004', 4, '2024-09-29 03:00:00', 'promtpay', 22453, 1),
('20240929005', 5, '2024-09-29 03:30:00', 'cash', 22453, NULL),
('20240929006', 6, '2024-09-29 04:00:00', 'promtpay', 22453, 18),
('20240929007', 7, '2024-09-29 04:30:00', 'cash', 22453, NULL),
('20240929008', 8, '2024-09-29 05:00:00', 'promtpay', 22453, 1),
('20240929009', 9, '2024-09-29 05:30:00', 'cash', 22453, NULL),
('20240929010', 10, '2024-09-29 06:00:00', 'promtpay', 22453, 18),
('20240930001', 1, '2024-09-30 01:30:00', 'cash', 22453, 1),
('20240930002', 2, '2024-09-30 02:00:00', 'promtpay', 22453, 18),
('20240930003', 3, '2024-09-30 02:30:00', 'cash', 22453, NULL),
('20240930004', 4, '2024-09-30 03:00:00', 'promtpay', 22453, 1),
('20240930005', 5, '2024-09-30 03:30:00', 'cash', 22453, NULL),
('20240930006', 6, '2024-09-30 04:00:00', 'promtpay', 22453, 18),
('20240930007', 7, '2024-09-30 04:30:00', 'cash', 22453, NULL),
('20240930008', 8, '2024-09-30 05:00:00', 'promtpay', 22453, 1),
('20240930009', 9, '2024-09-30 05:30:00', 'cash', 22453, NULL),
('20240930010', 10, '2024-09-30 06:00:00', 'promtpay', 22453, 18),
('20241001001', 1, '2024-10-01 01:30:00', 'cash', 22453, 1),
('20241001002', 2, '2024-10-01 02:00:00', 'promtpay', 22453, 18),
('20241001003', 3, '2024-10-01 02:30:00', 'cash', 53725, NULL),
('20241001004', 4, '2024-10-01 03:00:00', 'promtpay', 53725, 1),
('20241001005', 5, '2024-10-01 03:30:00', 'cash', 53725, NULL),
('20241001006', 6, '2024-10-01 04:00:00', 'promtpay', 53725, 18),
('20241001007', 7, '2024-10-01 04:30:00', 'cash', 53725, NULL),
('20241001008', 8, '2024-10-01 05:00:00', 'promtpay', 53725, 1),
('20241001009', 9, '2024-10-01 05:30:00', 'cash', 53725, NULL),
('20241001010', 10, '2024-10-01 06:00:00', 'promtpay', 53725, 18),
('20241002001', 1, '2024-10-01 01:30:00', 'cash', 22453, 1),
('20241002002', 2, '2024-10-01 02:00:00', 'card', 22453, 18),
('20241002003', 3, '2024-10-01 02:30:00', 'cash', 22453, 1),
('20241002004', 4, '2024-10-01 03:00:00', 'card', 22453, 1),
('20241002005', 5, '2024-10-01 03:30:00', 'cash', 22453, 1),
('20241002006', 6, '2024-10-01 04:00:00', 'card', 22453, 1),
('20241002007', 7, '2024-10-01 04:30:00', 'cash', 22453, 1),
('20241002008', 8, '2024-10-01 05:00:00', 'card', 22453, 1),
('20241002009', 9, '2024-10-01 05:30:00', 'cash', 22453, 18),
('20241002010', 10, '2024-10-01 06:00:00', 'card', 22453, 18),
('20241003001', 1, '2024-10-03 01:30:00', 'cash', 22453, 1),
('20241003002', 2, '2024-10-03 02:00:00', 'promtpay', 22453, 18),
('20241003003', 3, '2024-10-03 02:30:00', 'cash', 22453, NULL),
('20241003004', 4, '2024-10-03 03:00:00', 'promtpay', 22453, 1),
('20241003005', 5, '2024-10-03 03:30:00', 'cash', 22453, NULL),
('20241003006', 6, '2024-10-03 04:00:00', 'promtpay', 22453, 18),
('20241003007', 7, '2024-10-03 04:30:00', 'cash', 22453, NULL),
('20241003008', 8, '2024-10-03 05:00:00', 'promtpay', 22453, 1),
('20241003009', 9, '2024-10-03 05:30:00', 'cash', 22453, NULL),
('20241003010', 10, '2024-10-03 06:00:00', 'promtpay', 22453, 18),
('20241004001', 1, '2024-10-04 01:30:00', 'cash', 22453, 1),
('20241004002', 2, '2024-10-04 02:00:00', 'promtpay', 22453, 18),
('20241004003', 3, '2024-10-04 02:30:00', 'cash', 22453, NULL),
('20241004004', 4, '2024-10-04 03:00:00', 'promtpay', 22453, 1),
('20241004005', 5, '2024-10-04 03:30:00', 'cash', 22453, NULL),
('20241004006', 6, '2024-10-04 04:00:00', 'promtpay', 22453, 18),
('20241004007', 7, '2024-10-04 04:30:00', 'cash', 22453, NULL),
('20241004008', 8, '2024-10-04 05:00:00', 'promtpay', 22453, 1),
('20241004009', 9, '2024-10-04 05:30:00', 'cash', 22453, NULL),
('20241004010', 10, '2024-10-04 06:00:00', 'promtpay', 22453, 18),
('20241005001', 1, '2024-10-05 01:30:00', 'cash', 22453, 1),
('20241005002', 2, '2024-10-05 02:00:00', 'promtpay', 22453, 18),
('20241005003', 3, '2024-10-05 02:30:00', 'cash', 22453, NULL),
('20241005004', 4, '2024-10-05 03:00:00', 'promtpay', 22453, 1),
('20241005005', 5, '2024-10-05 03:30:00', 'cash', 22453, NULL),
('20241005006', 6, '2024-10-05 04:00:00', 'promtpay', 22453, 18),
('20241005007', 7, '2024-10-05 04:30:00', 'cash', 22453, NULL),
('20241005008', 8, '2024-10-05 05:00:00', 'promtpay', 22453, 1),
('20241005009', 9, '2024-10-05 05:30:00', 'cash', 22453, NULL),
('20241005010', 10, '2024-10-05 06:00:00', 'promtpay', 22453, 18),
('20241006001', 1, '2024-10-06 01:30:00', 'cash', 22453, 1),
('20241006002', 2, '2024-10-06 02:00:00', 'promtpay', 22453, 18),
('20241006003', 3, '2024-10-06 02:30:00', 'cash', 22453, NULL),
('20241006004', 4, '2024-10-06 03:00:00', 'promtpay', 22453, 1),
('20241006005', 5, '2024-10-06 03:30:00', 'cash', 22453, NULL),
('20241006006', 6, '2024-10-06 04:00:00', 'promtpay', 22453, 18),
('20241006007', 7, '2024-10-06 04:30:00', 'cash', 22453, NULL),
('20241006008', 8, '2024-10-06 05:00:00', 'promtpay', 22453, 1),
('20241006009', 9, '2024-10-06 05:30:00', 'cash', 22453, NULL),
('20241006010', 10, '2024-10-06 06:00:00', 'promtpay', 22453, 18),
('20241007001', 1, '2024-10-07 01:30:00', 'cash', 22453, 1),
('20241007002', 2, '2024-10-07 02:00:00', 'promtpay', 22453, 18),
('20241007003', 3, '2024-10-07 02:30:00', 'cash', 22453, NULL),
('20241007004', 4, '2024-10-07 03:00:00', 'promtpay', 22453, 1),
('20241007005', 5, '2024-10-07 03:30:00', 'cash', 22453, NULL),
('20241007006', 6, '2024-10-07 04:00:00', 'promtpay', 22453, 18),
('20241007007', 7, '2024-10-07 04:30:00', 'cash', 22453, NULL),
('20241007008', 8, '2024-10-07 05:00:00', 'promtpay', 22453, 1),
('20241007009', 9, '2024-10-07 05:30:00', 'cash', 22453, NULL),
('20241007010', 10, '2024-10-07 06:00:00', 'promtpay', 22453, 18),
('20241008001', 1, '2024-10-08 01:30:00', 'cash', 22453, 1),
('20241008002', 2, '2024-10-08 02:00:00', 'promtpay', 22453, 18),
('20241008003', 3, '2024-10-08 02:30:00', 'cash', 22453, NULL),
('20241008004', 4, '2024-10-08 03:00:00', 'promtpay', 22453, 1),
('20241008005', 5, '2024-10-08 03:30:00', 'cash', 22453, NULL),
('20241008006', 6, '2024-10-08 04:00:00', 'promtpay', 22453, 18),
('20241008007', 7, '2024-10-08 04:30:00', 'cash', 22453, NULL),
('20241008008', 8, '2024-10-08 05:00:00', 'promtpay', 22453, 1),
('20241008009', 9, '2024-10-08 05:30:00', 'cash', 22453, NULL),
('20241008010', 10, '2024-10-08 06:00:00', 'promtpay', 22453, 18),
('20241009001', 1, '2024-10-09 01:30:00', 'cash', 22453, 1),
('20241009002', 2, '2024-10-09 02:00:00', 'promtpay', 22453, 18),
('20241009003', 3, '2024-10-09 02:30:00', 'cash', 22453, NULL),
('20241009004', 4, '2024-10-09 03:00:00', 'promtpay', 22453, 1),
('20241009005', 5, '2024-10-09 03:30:00', 'cash', 22453, NULL),
('20241009006', 6, '2024-10-09 04:00:00', 'promtpay', 22453, 18),
('20241009007', 7, '2024-10-09 04:30:00', 'cash', 22453, NULL),
('20241009008', 8, '2024-10-09 05:00:00', 'promtpay', 22453, 1),
('20241009009', 9, '2024-10-09 05:30:00', 'cash', 22453, NULL),
('20241009010', 10, '2024-10-09 06:00:00', 'promtpay', 22453, 18),
('20241010001', 1, '2024-10-10 01:30:00', 'cash', 22453, 1),
('20241010002', 2, '2024-10-10 02:00:00', 'promtpay', 22453, 18),
('20241010003', 3, '2024-10-10 02:30:00', 'cash', 22453, NULL),
('20241010004', 4, '2024-10-10 03:00:00', 'promtpay', 22453, 1),
('20241010005', 5, '2024-10-10 03:30:00', 'cash', 22453, NULL),
('20241010006', 6, '2024-10-10 04:00:00', 'promtpay', 22453, 18),
('20241010007', 7, '2024-10-10 04:30:00', 'cash', 22453, NULL),
('20241010008', 8, '2024-10-10 05:00:00', 'promtpay', 22453, 1),
('20241010009', 9, '2024-10-10 05:30:00', 'cash', 22453, NULL),
('20241010010', 10, '2024-10-10 06:00:00', 'promtpay', 22453, 18),
('20241011001', 1, '2024-10-11 06:57:09', 'cash', 12345, NULL),
('20241011002', 2, '2024-10-11 08:05:22', 'cash', 12345, NULL),
('20241011003', 3, '2024-10-11 08:05:28', 'cash', 12345, NULL),
('20241011004', 4, '2024-10-11 08:05:32', 'promtpay', 12345, NULL),
('20241011005', 5, '2024-10-11 08:05:41', 'promtpay', 12345, 1),
('20241011006', 6, '2024-10-11 08:05:48', 'cash', 12345, NULL),
('20241011007', 7, '2024-10-11 08:06:01', 'promtpay', 12345, 1),
('20241011008', 8, '2024-10-11 08:06:07', 'cash', 12345, NULL),
('20241011009', 9, '2024-10-11 08:06:12', 'cash', 12345, NULL),
('20241011010', 10, '2024-10-11 08:06:18', 'cash', 12345, NULL),
('20241011011', 11, '2024-10-11 08:06:22', 'cash', 12345, NULL),
('20241011012', 12, '2024-10-11 08:06:33', 'cash', 12345, 18),
('20241011013', 13, '2024-10-11 08:06:38', 'cash', 12345, NULL),
('20241011014', 14, '2024-10-11 08:06:46', 'promtpay', 12345, 1),
('20241011015', 15, '2024-10-11 08:07:11', 'cash', 12345, 18),
('20241011016', 16, '2024-10-11 08:07:25', 'cash', 12345, NULL),
('20241011017', 17, '2024-10-11 08:07:44', 'cash', 12345, 18),
('20241011018', 18, '2024-10-11 08:07:49', 'promtpay', 12345, NULL),
('20241011019', 19, '2024-10-11 08:07:56', 'promtpay', 12345, NULL),
('20241011020', 20, '2024-10-11 08:08:00', 'promtpay', 12345, NULL),
('20241011021', 21, '2024-10-11 08:08:09', 'promtpay', 12345, NULL),
('20241011027', 27, '2024-10-11 09:00:30', 'cash', 12345, NULL),
('20241012001', 1, '2024-10-12 01:30:00', 'cash', 22453, 1),
('20241012002', 2, '2024-10-12 02:00:00', 'promtpay', 22453, 18),
('20241012003', 3, '2024-10-12 02:30:00', 'cash', 22453, NULL),
('20241012004', 4, '2024-10-12 03:00:00', 'promtpay', 22453, 1),
('20241012005', 5, '2024-10-12 03:30:00', 'cash', 22453, NULL),
('20241012006', 6, '2024-10-12 04:00:00', 'promtpay', 22453, 18),
('20241012007', 7, '2024-10-12 04:30:00', 'cash', 22453, NULL),
('20241012008', 8, '2024-10-12 05:00:00', 'promtpay', 22453, 1),
('20241012009', 9, '2024-10-12 05:30:00', 'cash', 22453, NULL),
('20241012010', 10, '2024-10-12 06:00:00', 'promtpay', 22453, 18),
('20241013001', 1, '2024-10-13 01:30:00', 'cash', 22453, 1),
('20241013002', 2, '2024-10-13 02:00:00', 'promtpay', 22453, 18),
('20241013003', 3, '2024-10-13 02:30:00', 'cash', 22453, NULL),
('20241013004', 4, '2024-10-13 03:00:00', 'promtpay', 22453, 1),
('20241013005', 5, '2024-10-13 03:30:00', 'cash', 22453, NULL),
('20241013006', 6, '2024-10-13 04:00:00', 'promtpay', 22453, 18),
('20241013007', 7, '2024-10-13 04:30:00', 'cash', 22453, NULL),
('20241013008', 8, '2024-10-13 05:00:00', 'promtpay', 22453, 1),
('20241013009', 9, '2024-10-13 05:30:00', 'cash', 22453, NULL),
('20241013010', 10, '2024-10-13 06:00:00', 'promtpay', 22453, 18),
('20241014001', 1, '2024-10-14 01:30:00', 'cash', 22453, 1),
('20241014002', 2, '2024-10-14 02:00:00', 'promtpay', 22453, 18),
('20241014003', 3, '2024-10-14 02:30:00', 'cash', 22453, NULL),
('20241014004', 4, '2024-10-14 03:00:00', 'promtpay', 22453, 1),
('20241014005', 5, '2024-10-14 03:30:00', 'cash', 22453, NULL),
('20241014006', 6, '2024-10-14 04:00:00', 'promtpay', 22453, 18),
('20241014007', 7, '2024-10-14 04:30:00', 'cash', 22453, NULL),
('20241014008', 8, '2024-10-14 05:00:00', 'promtpay', 22453, 1),
('20241014009', 9, '2024-10-14 05:30:00', 'cash', 22453, NULL),
('20241014010', 10, '2024-10-14 06:00:00', 'promtpay', 22453, 18),
('20241015001', 1, '2024-10-15 01:30:00', 'cash', 22453, 1),
('20241015002', 2, '2024-10-15 02:00:00', 'promtpay', 22453, 18),
('20241015003', 3, '2024-10-15 02:30:00', 'cash', 22453, NULL),
('20241015004', 4, '2024-10-15 03:00:00', 'promtpay', 22453, 1),
('20241015005', 5, '2024-10-15 03:30:00', 'cash', 22453, NULL),
('20241015006', 6, '2024-10-15 04:00:00', 'promtpay', 22453, 18),
('20241015007', 7, '2024-10-15 04:30:00', 'cash', 22453, NULL),
('20241015008', 8, '2024-10-15 05:00:00', 'promtpay', 22453, 1),
('20241015009', 9, '2024-10-15 05:30:00', 'cash', 22453, NULL),
('20241015010', 10, '2024-10-15 06:00:00', 'promtpay', 22453, 18),
('20241016001', 1, '2024-10-16 12:20:05', 'cash', 12345, NULL),
('20241016002', 2, '2024-10-16 13:28:35', 'promtpay', 12345, NULL),
('20241016003', 3, '2024-10-16 02:30:00', 'cash', 22453, NULL),
('20241016004', 4, '2024-10-16 03:00:00', 'promtpay', 22453, 1),
('20241016005', 5, '2024-10-16 03:30:00', 'cash', 22453, NULL),
('20241016006', 6, '2024-10-16 04:00:00', 'promtpay', 22453, 18),
('20241016007', 7, '2024-10-16 04:30:00', 'cash', 22453, NULL),
('20241016008', 8, '2024-10-16 05:00:00', 'promtpay', 22453, 1),
('20241016009', 9, '2024-10-16 05:30:00', 'cash', 22453, NULL),
('20241016010', 10, '2024-10-16 06:00:00', 'promtpay', 22453, 18),
('20241016011', 11, '2024-10-16 01:30:00', 'cash', 22453, 1),
('20241016012', 12, '2024-10-16 02:00:00', 'promtpay', 22453, 18),
('20241017001', 1, '2024-10-17 01:30:00', 'cash', 22453, 1),
('20241017002', 2, '2024-10-17 02:00:00', 'promtpay', 22453, 18),
('20241017003', 3, '2024-10-17 02:30:00', 'cash', 22453, NULL),
('20241017004', 4, '2024-10-17 03:00:00', 'promtpay', 22453, 1),
('20241017005', 5, '2024-10-17 03:30:00', 'cash', 22453, NULL),
('20241017006', 6, '2024-10-17 04:00:00', 'promtpay', 22453, 18),
('20241017007', 7, '2024-10-17 04:30:00', 'cash', 22453, NULL),
('20241017008', 8, '2024-10-17 05:00:00', 'promtpay', 22453, 1),
('20241017009', 9, '2024-10-17 05:30:00', 'cash', 22453, NULL),
('20241017010', 10, '2024-10-17 06:00:00', 'promtpay', 22453, 18),
('20241018001', 1, '2024-10-18 03:14:18', 'promtpay', 12345, 1),
('20241018002', 2, '2024-10-18 03:39:11', 'cash', 12345, 1),
('20241018003', 3, '2024-10-18 06:35:31', 'promtpay', 12345, NULL),
('20241018004', 4, '2024-10-18 06:46:57', 'cash', 12345, 1),
('20241018005', 5, '2024-10-18 06:52:59', 'cash', 12345, 1),
('20241018006', 6, '2024-10-18 07:29:05', 'promtpay', 12345, NULL),
('20241018007', 7, '2024-10-18 07:33:33', 'cash', 12345, 1),
('20241019001', 1, '2024-10-19 02:20:01', 'promtpay', 12345, NULL),
('20241019002', 2, '2024-10-19 02:24:12', 'cash', 12345, NULL),
('20241019003', 3, '2024-10-19 03:00:56', 'cash', 12345, 1),
('20241020001', 1, '2024-10-20 07:24:14', 'cash', 12345, 1),
('20241020002', 2, '2024-10-20 07:28:22', 'cash', 12345, 18),
('20241020003', 3, '2024-10-20 07:46:59', 'promtpay', 12345, NULL),
('20241020004', 4, '2024-10-20 07:47:53', 'cash', 12345, 1),
('20241020005', 5, '2024-10-20 08:17:55', 'cash', 12345, NULL),
('20241021001', 1, '2024-10-21 01:30:00', 'cash', 22453, 1),
('20241021002', 2, '2024-10-21 02:00:00', 'promtpay', 22453, 18),
('20241021003', 3, '2024-10-21 02:30:00', 'cash', 22453, NULL),
('20241021004', 4, '2024-10-21 03:00:00', 'promtpay', 22453, 1),
('20241021005', 5, '2024-10-21 03:30:00', 'cash', 22453, NULL),
('20241021006', 6, '2024-10-21 04:00:00', 'promtpay', 22453, 18),
('20241021007', 7, '2024-10-21 04:30:00', 'cash', 22453, NULL),
('20241021008', 8, '2024-10-21 05:00:00', 'promtpay', 22453, 1),
('20241021009', 9, '2024-10-21 05:30:00', 'cash', 22453, NULL),
('20241021010', 10, '2024-10-21 06:00:00', 'promtpay', 22453, 18),
('20241022001', 1, '2024-10-22 02:33:21', 'cash', 12345, 1),
('20241022002', 2, '2024-10-22 02:33:39', 'promtpay', 12345, 18),
('20241022003', 3, '2024-10-22 02:50:11', 'cash', 12345, 1),
('20241022004', 4, '2024-10-22 02:50:29', 'promtpay', 12345, 1),
('20241022005', 5, '2024-10-22 05:15:16', 'cash', 12345, 1),
('20241022006', 6, '2024-10-22 06:49:38', 'cash', 12345, 1),
('20241022007', 7, '2024-10-22 07:20:03', 'promtpay', 12345, NULL),
('20241022008', 8, '2024-10-22 07:26:50', 'promtpay', 12345, 1),
('20241022009', 9, '2024-10-22 07:31:13', 'promtpay', 12345, NULL),
('20241022010', 10, '2024-10-22 07:31:51', 'promtpay', 12345, NULL),
('20241022011', 11, '2024-10-22 07:32:13', 'promtpay', 12345, NULL),
('20241022012', 12, '2024-10-22 07:34:12', 'cash', 12345, NULL),
('20241022013', 13, '2024-10-22 07:36:26', 'promtpay', 12345, NULL),
('20241022014', 14, '2024-10-22 07:37:43', 'promtpay', 12345, NULL),
('20241022015', 15, '2024-10-22 07:38:58', 'promtpay', 12345, NULL),
('20241022016', 16, '2024-10-22 07:40:24', 'promtpay', 12345, NULL),
('20241022017', 17, '2024-10-22 07:44:11', 'promtpay', 12345, NULL),
('20241022018', 18, '2024-10-22 07:48:06', 'promtpay', 12345, NULL),
('20241022019', 19, '2024-10-22 07:49:28', 'promtpay', 12345, NULL),
('20241022020', 20, '2024-10-22 07:50:43', 'promtpay', 12345, 1),
('20241022021', 21, '2024-10-22 08:32:19', 'cash', 22453, 18),
('20241022022', 22, '2024-10-22 08:33:40', 'cash', 53725, 1),
('20241022023', 23, '2024-10-22 08:44:16', 'cash', 12345, 1),
('20241022024', 24, '2024-10-22 08:45:22', 'cash', 12345, 1),
('20241022025', 25, '2024-10-22 13:55:31', 'promtpay', 12345, NULL),
('20241022026', 26, '2024-10-22 14:15:56', 'promtpay', 12345, NULL),
('20241022027', 27, '2024-10-22 14:16:18', 'cash', 12345, 1),
('20241022028', 28, '2024-10-22 14:16:46', 'promtpay', 12345, NULL),
('20241023001', 1, '2024-10-23 11:59:19', 'promtpay', 12345, 18),
('20241023002', 2, '2024-10-23 11:59:40', 'cash', 12345, 1),
('20241023003', 3, '2024-10-23 12:00:53', 'promtpay', 12345, 18),
('20241023004', 4, '2024-10-23 12:04:22', 'cash', 12345, NULL),
('20241023005', 5, '2024-10-23 13:46:39', 'cash', 12345, NULL),
('20241023006', 6, '2024-10-23 13:46:50', 'promtpay', 12345, NULL);

-- --------------------------------------------------------

--
-- Table structure for table `order_detail`
--

CREATE TABLE `order_detail` (
  `order_detail_id` int(3) NOT NULL,
  `order_id` varchar(12) NOT NULL,
  `p_id` int(5) NOT NULL,
  `quantity` int(5) NOT NULL,
  `price` decimal(10,2) DEFAULT NULL
) ENGINE=InnoDB DEFAULT CHARSET=utf8mb4 COLLATE=utf8mb4_general_ci;

--
-- Dumping data for table `order_detail`
--

INSERT INTO `order_detail` (`order_detail_id`, `order_id`, `p_id`, `quantity`, `price`) VALUES
(262, '20241011001', 10101, 1, 30.00),
(263, '20241011002', 10101, 1, 30.00),
(264, '20241011002', 10106, 1, 35.00),
(265, '20241011003', 20101, 1, 25.00),
(266, '20241011004', 20101, 1, 25.00),
(267, '20241011004', 20102, 1, 25.00),
(268, '20241011004', 20103, 1, 30.00),
(269, '20241011005', 30102, 1, 25.00),
(270, '20241011006', 30101, 1, 30.00),
(271, '20241011006', 30102, 1, 25.00),
(272, '20241011006', 30202, 1, 15.00),
(273, '20241011006', 20201, 1, 15.00),
(274, '20241011006', 20202, 1, 15.00),
(275, '20241011007', 10106, 2, 35.00),
(276, '20241011007', 10202, 4, 25.00),
(277, '20241011007', 20201, 5, 15.00),
(278, '20241011007', 30202, 1, 15.00),
(279, '20241011008', 30101, 1, 30.00),
(280, '20241011009', 20101, 1, 25.00),
(281, '20241011010', 20102, 1, 25.00),
(282, '20241011011', 30102, 1, 25.00),
(283, '20241011012', 10101, 1, 30.00),
(284, '20241011013', 30102, 1, 25.00),
(285, '20241011014', 20101, 1, 25.00),
(286, '20241011015', 30102, 1, 25.00),
(287, '20241011015', 20202, 2, 15.00),
(288, '20241011015', 20203, 1, 25.00),
(289, '20241011015', 20204, 1, 15.00),
(290, '20241011015', 20205, 1, 25.00),
(291, '20241011015', 30201, 1, 25.00),
(292, '20241011015', 30202, 1, 15.00),
(293, '20241011015', 10202, 1, 25.00),
(294, '20241011015', 10206, 1, 30.00),
(295, '20241011016', 30102, 1, 25.00),
(296, '20241011016', 10202, 1, 25.00),
(297, '20241011016', 10106, 1, 35.00),
(298, '20241011016', 20102, 1, 25.00),
(299, '20241011017', 30102, 1, 25.00),
(300, '20241011017', 20202, 1, 15.00),
(301, '20241011017', 30202, 1, 15.00),
(302, '20241011017', 20205, 1, 25.00),
(303, '20241011017', 10204, 1, 25.00),
(304, '20241011018', 20101, 1, 25.00),
(305, '20241011019', 30102, 1, 25.00),
(306, '20241011019', 30202, 1, 15.00),
(307, '20241011020', 20101, 1, 25.00),
(308, '20241011021', 10106, 1, 35.00),
(309, '20241011021', 10101, 1, 30.00),
(310, '20241011021', 10103, 1, 30.00),
(311, '20241011021', 10202, 1, 25.00),
(312, '20241011021', 10203, 1, 25.00),
(313, '20241011021', 30202, 1, 15.00),
(314, '20241011021', 30201, 1, 25.00),
(315, '20230911022', 30102, 1, 25.00),
(316, '20230711023', 10101, 4, 30.00),
(317, '20230711023', 10106, 3, 35.00),
(318, '20230711023', 10103, 2, 30.00),
(319, '20230711023', 10102, 3, 30.00),
(320, '20230711023', 10205, 2, 25.00),
(321, '20230711023', 10204, 2, 25.00),
(322, '20230711023', 10203, 2, 25.00),
(323, '20230711023', 10202, 2, 25.00),
(324, '20230711023', 20202, 2, 15.00),
(325, '20230711023', 20201, 3, 15.00),
(326, '20230711023', 20203, 2, 25.00),
(327, '20230711023', 20204, 2, 15.00),
(328, '20230711023', 20205, 2, 25.00),
(329, '20230711023', 30202, 2, 15.00),
(330, '20230711023', 30201, 2, 25.00),
(331, '20230711023', 10206, 1, 30.00),
(332, '20230711023', 10201, 1, 25.00),
(333, '20230711023', 30102, 1, 25.00),
(334, '20230711023', 30101, 1, 30.00),
(335, '20230711023', 20101, 1, 25.00),
(336, '20230711023', 20102, 2, 25.00),
(337, '20230711023', 20103, 1, 30.00),
(338, '20230711023', 20104, 1, 25.00),
(339, '20230711023', 20105, 1, 30.00),
(340, '20230711023', 10104, 1, 30.00),
(341, '20230711023', 10105, 1, 30.00),
(342, '20230611024', 10101, 2, 30.00),
(343, '20230611024', 10106, 2, 35.00),
(344, '20230611024', 10102, 1, 30.00),
(345, '20230611024', 10103, 2, 30.00),
(346, '20230611024', 10105, 3, 30.00),
(347, '20230611024', 20101, 2, 25.00),
(348, '20230611024', 20102, 2, 25.00),
(349, '20230611024', 20103, 2, 30.00),
(350, '20230611024', 20104, 2, 25.00),
(351, '20230611024', 20105, 2, 30.00),
(352, '20230611024', 20202, 4, 15.00),
(353, '20230611024', 20201, 8, 15.00),
(354, '20230611024', 10201, 4, 25.00),
(355, '20230611024', 10206, 3, 30.00),
(356, '20230611024', 10202, 2, 25.00),
(357, '20230611024', 10203, 2, 25.00),
(358, '20230611024', 10204, 2, 25.00),
(359, '20230611024', 10205, 2, 25.00),
(360, '20230611024', 20203, 3, 25.00),
(361, '20230611024', 20205, 3, 25.00),
(362, '20230611024', 30202, 2, 15.00),
(363, '20230611024', 30201, 3, 25.00),
(364, '20230611024', 30102, 1, 25.00),
(365, '20230611024', 30101, 1, 30.00),
(366, '20230611024', 10104, 1, 30.00),
(367, '20230611024', 20204, 2, 15.00),
(368, '20230511025', 10101, 1, 30.00),
(369, '20230511025', 10106, 1, 35.00),
(370, '20230511025', 10102, 1, 30.00),
(371, '20230511025', 10103, 1, 30.00),
(372, '20230511025', 10104, 1, 30.00),
(373, '20230511025', 10105, 1, 30.00),
(374, '20230511025', 10201, 6, 25.00),
(375, '20230511025', 10206, 2, 30.00),
(376, '20230511025', 10202, 2, 25.00),
(377, '20230511025', 10203, 3, 25.00),
(378, '20230511025', 10204, 2, 25.00),
(379, '20230511025', 10205, 4, 25.00),
(380, '20230511025', 20201, 6, 15.00),
(381, '20230511025', 20202, 2, 15.00),
(382, '20230511025', 20203, 3, 25.00),
(383, '20230511025', 20204, 1, 15.00),
(384, '20230511025', 20205, 1, 25.00),
(385, '20230511025', 20101, 2, 25.00),
(386, '20230511025', 20102, 5, 25.00),
(387, '20230511025', 20103, 1, 30.00),
(388, '20230511025', 20104, 2, 25.00),
(389, '20230511025', 20105, 2, 30.00),
(390, '20230511025', 30102, 2, 25.00),
(391, '20230511025', 30101, 2, 30.00),
(392, '20230511025', 30202, 1, 15.00),
(393, '20230511025', 30201, 1, 25.00),
(394, '20230411026', 10101, 8, 30.00),
(395, '20230411026', 20102, 6, 25.00),
(396, '20230411026', 20101, 12, 25.00),
(397, '20230411026', 20103, 3, 30.00),
(398, '20230411026', 20104, 1, 25.00),
(399, '20230411026', 20105, 3, 30.00),
(400, '20230411026', 20205, 3, 25.00),
(401, '20230411026', 20204, 1, 15.00),
(402, '20230411026', 20203, 2, 25.00),
(403, '20230411026', 20202, 2, 15.00),
(404, '20230411026', 20201, 2, 15.00),
(405, '20230411026', 10201, 1, 25.00),
(406, '20230411026', 10206, 1, 30.00),
(407, '20230411026', 10202, 1, 25.00),
(408, '20230411026', 10203, 1, 25.00),
(409, '20230411026', 10204, 1, 25.00),
(410, '20230411026', 10205, 1, 25.00),
(411, '20230411026', 10103, 2, 30.00),
(412, '20230411026', 10102, 11, 30.00),
(413, '20230411026', 10106, 2, 35.00),
(414, '20230411026', 10104, 2, 30.00),
(415, '20230411026', 10105, 2, 30.00),
(416, '20230411026', 30102, 2, 25.00),
(417, '20230411026', 30101, 2, 30.00),
(418, '20230411026', 30202, 1, 15.00),
(419, '20230411026', 30201, 1, 25.00),
(420, '20241011027', 10101, 2, 30.00),
(421, '20241011027', 10106, 2, 35.00),
(422, '20241011027', 10102, 2, 30.00),
(423, '20241011027', 20103, 1, 30.00),
(424, '20241011027', 20102, 5, 25.00),
(425, '20241011027', 20101, 8, 25.00),
(426, '20241011027', 20205, 1, 25.00),
(427, '20241011027', 20204, 1, 15.00),
(428, '20241011027', 20203, 1, 25.00),
(429, '20241011027', 20202, 1, 15.00),
(430, '20241011027', 20201, 1, 15.00),
(431, '20241011027', 10201, 4, 25.00),
(432, '20241011027', 10206, 3, 30.00),
(433, '20241011027', 10202, 2, 25.00),
(434, '20241011027', 10203, 4, 25.00),
(435, '20241011027', 10204, 1, 25.00),
(436, '20241011027', 10205, 1, 25.00),
(437, '20241011027', 10103, 1, 30.00),
(438, '20241011027', 10104, 1, 30.00),
(439, '20241011027', 10105, 1, 30.00),
(440, '20241011027', 30102, 1, 25.00),
(441, '20241011027', 30101, 6, 30.00),
(442, '20241011027', 30202, 1, 15.00),
(443, '20241011027', 30201, 1, 25.00),
(444, '20230811028', 10101, 5, 30.00),
(445, '20230811028', 10106, 1, 35.00),
(446, '20230811028', 10102, 1, 30.00),
(447, '20230811028', 10103, 1, 30.00),
(448, '20230811028', 10104, 1, 30.00),
(449, '20230811028', 10105, 1, 30.00),
(450, '20230811028', 10201, 9, 25.00),
(451, '20230811028', 10206, 1, 30.00),
(452, '20230811028', 10202, 4, 25.00),
(453, '20230811028', 10203, 1, 25.00),
(454, '20230811028', 10204, 1, 25.00),
(455, '20230811028', 10205, 1, 25.00),
(456, '20230811028', 20101, 7, 25.00),
(457, '20230811028', 20102, 4, 25.00),
(458, '20230811028', 20103, 2, 30.00),
(459, '20230811028', 20104, 3, 25.00),
(460, '20230811028', 20105, 1, 30.00),
(461, '20230811028', 20201, 2, 15.00),
(462, '20230811028', 20202, 1, 15.00),
(463, '20230811028', 20204, 1, 15.00),
(464, '20230811028', 20203, 1, 25.00),
(465, '20230811028', 20205, 1, 25.00),
(466, '20230811028', 30201, 2, 25.00),
(467, '20230811028', 30102, 2, 25.00),
(468, '20230811028', 30202, 1, 15.00),
(469, '20230811028', 30101, 1, 30.00),
(470, '20230311029', 10101, 7, 30.00),
(471, '20230311029', 10106, 2, 35.00),
(472, '20230311029', 10102, 1, 30.00),
(473, '20230311029', 10103, 1, 30.00),
(474, '20230311029', 10104, 1, 30.00),
(475, '20230311029', 10105, 1, 30.00),
(476, '20230311029', 10201, 7, 25.00),
(477, '20230311029', 10206, 2, 30.00),
(478, '20230311029', 10202, 3, 25.00),
(479, '20230311029', 10203, 1, 25.00),
(480, '20230311029', 10204, 1, 25.00),
(481, '20230311029', 10205, 1, 25.00),
(482, '20230311029', 20201, 6, 15.00),
(483, '20230311029', 20202, 1, 15.00),
(484, '20230311029', 20203, 1, 25.00),
(485, '20230311029', 20204, 1, 15.00),
(486, '20230311029', 20205, 1, 25.00),
(487, '20230311029', 20102, 1, 25.00),
(488, '20230311029', 20101, 6, 25.00),
(489, '20230311029', 20103, 1, 30.00),
(490, '20230311029', 20104, 1, 25.00),
(491, '20230311029', 20105, 1, 30.00),
(492, '20230311029', 30101, 8, 30.00),
(493, '20230311029', 30102, 1, 25.00),
(494, '20230311029', 30202, 1, 15.00),
(495, '20230311029', 30201, 3, 25.00),
(496, '20230211030', 10101, 7, 30.00),
(497, '20230211030', 10106, 1, 35.00),
(498, '20230211030', 10102, 1, 30.00),
(499, '20230211030', 10103, 1, 30.00),
(500, '20230211030', 10104, 1, 30.00),
(501, '20230211030', 10105, 2, 30.00),
(502, '20230211030', 10201, 6, 25.00),
(503, '20230211030', 10206, 1, 30.00),
(504, '20230211030', 10202, 1, 25.00),
(505, '20230211030', 10203, 1, 25.00),
(506, '20230211030', 10204, 1, 25.00),
(507, '20230211030', 10205, 1, 25.00),
(508, '20230211030', 20201, 6, 15.00),
(509, '20230211030', 20202, 1, 15.00),
(510, '20230211030', 20203, 1, 25.00),
(511, '20230211030', 20204, 1, 15.00),
(512, '20230211030', 20205, 1, 25.00),
(513, '20230211030', 20101, 6, 25.00),
(514, '20230211030', 20102, 1, 25.00),
(515, '20230211030', 20103, 1, 30.00),
(516, '20230211030', 20104, 1, 25.00),
(517, '20230211030', 20105, 1, 30.00),
(518, '20230211030', 30101, 9, 30.00),
(519, '20230211030', 30102, 1, 25.00),
(520, '20230211030', 30202, 1, 15.00),
(521, '20230211030', 30201, 1, 25.00),
(522, '20230111031', 10101, 9, 30.00),
(523, '20230111031', 10106, 2, 35.00),
(524, '20230111031', 10102, 2, 30.00),
(525, '20230111031', 10103, 1, 30.00),
(526, '20230111031', 10104, 2, 30.00),
(527, '20230111031', 10105, 4, 30.00),
(528, '20230111031', 20101, 9, 25.00),
(529, '20230111031', 20102, 2, 25.00),
(530, '20230111031', 20103, 2, 30.00),
(531, '20230111031', 20104, 2, 25.00),
(532, '20230111031', 20105, 1, 30.00),
(533, '20230111031', 30102, 2, 25.00),
(534, '20230111031', 30101, 2, 30.00),
(535, '20230111031', 30201, 4, 25.00),
(536, '20230111031', 30202, 1, 15.00),
(537, '20230111031', 20202, 2, 15.00),
(538, '20230111031', 20201, 4, 15.00),
(539, '20230111031', 20203, 1, 25.00),
(540, '20230111031', 20205, 1, 25.00),
(541, '20230111031', 20204, 1, 15.00),
(542, '20230111031', 10201, 1, 25.00),
(543, '20230111031', 10206, 1, 30.00),
(544, '20230111031', 10202, 1, 25.00),
(545, '20230111031', 10203, 1, 25.00),
(546, '20230111031', 10204, 1, 25.00),
(547, '20230111031', 10205, 1, 25.00),
(548, '20231011032', 10101, 9, 30.00),
(549, '20231011032', 10106, 1, 35.00),
(550, '20231011032', 10102, 1, 30.00),
(551, '20231011032', 10103, 4, 30.00),
(552, '20231011032', 10104, 2, 30.00),
(553, '20231011032', 10105, 2, 30.00),
(554, '20231011032', 10201, 5, 25.00),
(555, '20231011032', 10206, 1, 30.00),
(556, '20231011032', 10202, 1, 25.00),
(557, '20231011032', 10203, 1, 25.00),
(558, '20231011032', 10204, 1, 25.00),
(559, '20231011032', 10205, 1, 25.00),
(560, '20231011032', 20201, 6, 15.00),
(561, '20231011032', 20202, 1, 15.00),
(562, '20231011032', 20203, 1, 25.00),
(563, '20231011032', 20204, 1, 15.00),
(564, '20231011032', 20205, 1, 25.00),
(565, '20231011032', 20101, 5, 25.00),
(566, '20231011032', 20102, 1, 25.00),
(567, '20231011032', 20103, 1, 30.00),
(568, '20231011032', 20104, 1, 25.00),
(569, '20231011032', 20105, 1, 30.00),
(570, '20231011032', 30101, 2, 30.00),
(571, '20231011032', 30102, 2, 25.00),
(572, '20231011032', 30201, 2, 25.00),
(573, '20231011032', 30202, 1, 15.00),
(574, '20231111033', 10101, 12, 30.00),
(575, '20231111033', 10106, 1, 35.00),
(576, '20231111033', 10102, 1, 30.00),
(577, '20231111033', 10103, 1, 30.00),
(578, '20231111033', 10104, 2, 30.00),
(579, '20231111033', 10105, 1, 30.00),
(580, '20231111033', 10201, 1, 25.00),
(581, '20231111033', 10206, 1, 30.00),
(582, '20231111033', 10202, 1, 25.00),
(583, '20231111033', 10203, 1, 25.00),
(584, '20231111033', 10204, 1, 25.00),
(585, '20231111033', 10205, 1, 25.00),
(586, '20231111033', 20101, 12, 25.00),
(587, '20231111033', 20102, 1, 25.00),
(588, '20231111033', 20103, 1, 30.00),
(589, '20231111033', 20104, 1, 25.00),
(590, '20231111033', 20105, 1, 30.00),
(591, '20231111033', 20201, 2, 15.00),
(592, '20231111033', 20202, 1, 15.00),
(593, '20231111033', 20203, 1, 25.00),
(594, '20231111033', 20204, 1, 15.00),
(595, '20231111033', 20205, 1, 25.00),
(596, '20231111033', 30201, 4, 25.00),
(597, '20231111033', 30202, 1, 15.00),
(598, '20231111033', 30101, 2, 30.00),
(599, '20231111033', 30102, 1, 25.00),
(600, '20231211034', 10101, 7, 30.00),
(601, '20231211034', 10106, 3, 35.00),
(602, '20231211034', 10102, 13, 30.00),
(603, '20231211034', 10103, 1, 30.00),
(604, '20231211034', 10104, 1, 30.00),
(605, '20231211034', 10105, 1, 30.00),
(606, '20231211034', 10202, 1, 25.00),
(607, '20231211034', 10201, 4, 25.00),
(608, '20231211034', 10206, 2, 30.00),
(609, '20231211034', 10203, 2, 25.00),
(610, '20231211034', 10204, 2, 25.00),
(611, '20231211034', 10205, 1, 25.00),
(612, '20231211034', 20201, 4, 15.00),
(613, '20231211034', 20202, 1, 15.00),
(614, '20231211034', 20203, 1, 25.00),
(615, '20231211034', 20204, 1, 15.00),
(616, '20231211034', 20205, 1, 25.00),
(617, '20231211034', 20101, 10, 25.00),
(618, '20231211034', 20102, 1, 25.00),
(619, '20231211034', 20103, 1, 30.00),
(620, '20231211034', 20104, 1, 25.00),
(621, '20231211034', 20105, 1, 30.00),
(622, '20231211034', 30101, 5, 30.00),
(623, '20231211034', 30102, 2, 25.00),
(624, '20230911035', 10101, 14, 30.00),
(625, '20230911035', 10106, 5, 35.00),
(626, '20230911035', 10102, 5, 30.00),
(627, '20230911035', 10103, 3, 30.00),
(628, '20230911035', 10104, 1, 30.00),
(629, '20230911035', 10105, 1, 30.00),
(630, '20230911035', 10201, 7, 25.00),
(631, '20230911035', 10206, 4, 30.00),
(632, '20230911035', 10202, 3, 25.00),
(633, '20230911035', 10203, 2, 25.00),
(634, '20230911035', 10204, 2, 25.00),
(635, '20230911035', 10205, 2, 25.00),
(636, '20230911035', 20201, 7, 15.00),
(637, '20230911035', 20102, 1, 25.00),
(638, '20230911035', 20101, 9, 25.00),
(639, '20230911035', 20103, 6, 30.00),
(640, '20230911035', 20104, 1, 25.00),
(641, '20230911035', 20105, 1, 30.00),
(642, '20230911035', 20202, 2, 15.00),
(643, '20230911035', 20203, 1, 25.00),
(644, '20230911035', 20204, 1, 15.00),
(645, '20230911035', 20205, 1, 25.00),
(646, '20230911035', 30201, 4, 25.00),
(647, '20230911035', 30202, 4, 15.00),
(648, '20230911035', 30101, 2, 30.00),
(649, '20230911035', 30102, 4, 25.00),
(650, '20241016001', 10101, 1, 30.00),
(651, '20241016001', 10105, 1, 30.00),
(652, '20241016001', 10106, 1, 35.00),
(653, '20241016002', 20101, 4, 25.00),
(654, '20241016002', 20102, 1, 20.00),
(655, '20241018001', 20101, 1, 25.00),
(656, '20241018002', 20101, 2, 25.00),
(657, '20241018003', 10101, 1, 30.00),
(658, '20241018004', 10101, 2, 30.00),
(659, '20241018004', 20101, 2, 25.00),
(660, '20241018005', 20101, 1, 25.00),
(661, '20241018006', 20101, 1, 25.00),
(662, '20241018007', 30101, 1, 30.00),
(663, '20241019001', 10106, 1, 35.00),
(664, '20241019002', 10101, 1, 30.00),
(665, '20241019002', 10106, 1, 35.00),
(666, '20241019003', 10101, 1, 30.00),
(667, '20241019003', 10106, 1, 35.00),
(668, '20241020001', 10101, 1, 30.00),
(669, '20241020001', 10106, 1, 35.00),
(670, '20241020001', 10102, 1, 30.00),
(671, '20241020001', 10103, 1, 30.00),
(672, '20241020002', 10101, 8, 30.00),
(673, '20241020002', 10106, 2, 35.00),
(674, '20241020002', 10102, 2, 30.00),
(675, '20241020002', 10103, 2, 30.00),
(676, '20241020002', 10104, 1, 30.00),
(677, '20241020002', 10201, 5, 25.00),
(678, '20241020002', 10206, 2, 30.00),
(679, '20241020002', 10202, 2, 25.00),
(680, '20241020002', 20201, 2, 15.00),
(681, '20241020002', 20202, 1, 15.00),
(682, '20241020002', 20203, 1, 25.00),
(683, '20241020002', 20204, 1, 15.00),
(684, '20241020002', 20205, 1, 25.00),
(685, '20241020002', 30201, 2, 25.00),
(686, '20241020002', 30202, 2, 15.00),
(687, '20241020002', 20101, 6, 25.00),
(688, '20241020002', 30102, 1, 25.00),
(689, '20241020002', 30101, 1, 30.00),
(690, '20241020003', 10101, 1, 30.00),
(691, '20241020004', 10102, 1, 30.00),
(692, '20241020005', 10102, 1, 30.00),
(693, '20241020005', 10101, 1, 30.00),
(694, '20241020005', 10106, 1, 35.00),
(695, '20241022001', 10101, 1, 30.00),
(696, '20241022001', 10106, 1, 35.00),
(697, '20241022001', 10102, 1, 30.00),
(698, '20241022002', 20101, 1, 25.00),
(699, '20241022002', 20102, 1, 20.00),
(700, '20241022002', 30101, 1, 30.00),
(701, '20241022003', 10101, 1, 30.00),
(702, '20241022003', 10106, 1, 35.00),
(703, '20241022003', 10102, 1, 30.00),
(704, '20241022004', 10102, 2, 30.00),
(705, '20241022004', 10101, 1, 30.00),
(706, '20241022004', 10106, 1, 35.00),
(707, '20241022005', 20101, 1, 25.00),
(708, '20241022006', 10102, 1, 30.00),
(709, '20241022006', 10106, 1, 35.00),
(710, '20241022007', 10101, 1, 30.00),
(711, '20241022008', 10102, 1, 30.00),
(712, '20241022009', 10103, 1, 30.00),
(713, '20241022010', 10103, 1, 30.00),
(714, '20241022011', 10105, 1, 30.00),
(715, '20241022012', 10103, 1, 30.00),
(716, '20241022013', 10104, 1, 30.00),
(717, '20241022014', 10102, 1, 30.00),
(718, '20241022015', 10101, 1, 30.00),
(719, '20241022016', 10101, 1, 30.00),
(720, '20241022016', 10106, 1, 35.00),
(721, '20241022017', 10103, 1, 30.00),
(722, '20241022018', 10106, 1, 35.00),
(723, '20241022019', 10101, 1, 30.00),
(724, '20241022020', 10102, 1, 30.00),
(725, '20241022021', 20101, 1, 25.00),
(726, '20241022021', 20102, 1, 20.00),
(727, '20241022021', 10101, 1, 30.00),
(728, '20241022022', 10101, 1, 30.00),
(729, '20241022022', 10201, 1, 25.00),
(730, '20241022022', 20205, 1, 25.00),
(731, '20241022022', 30101, 2, 30.00),
(732, '20241022022', 30102, 1, 25.00),
(733, '20241022022', 10106, 1, 35.00),
(734, '20241022022', 10102, 1, 30.00),
(735, '20241022023', 10101, 1, 30.00),
(736, '20241022023', 10106, 1, 35.00),
(737, '20241022024', 10101, 1, 30.00),
(738, '20241022025', 10101, 1, 30.00),
(739, '20241022026', 20101, 1, 25.00),
(740, '20241022027', 10101, 1, 30.00),
(741, '20241022027', 30101, 1, 30.00),
(742, '20241022027', 30102, 1, 25.00),
(743, '20241022028', 10101, 1, 30.00),
(744, '20241001001', 10101, 2, 30.00),
(745, '20241001001', 10102, 1, 30.00),
(746, '20241001002', 20101, 1, 25.00),
(747, '20241001002', 10203, 2, 25.00),
(748, '20241001003', 30101, 1, 30.00),
(749, '20241001004', 10202, 3, 25.00),
(750, '20241001005', 30201, 1, 25.00),
(751, '20241001006', 20103, 2, 30.00),
(752, '20241001007', 10103, 1, 30.00),
(753, '20241001008', 10201, 2, 25.00),
(754, '20241001009', 30102, 1, 25.00),
(755, '20241001010', 20203, 1, 25.00),
(756, '20241002001', 10101, 2, 30.00),
(757, '20241002001', 10201, 1, 25.00),
(762, '20241002002', 10102, 1, 30.00),
(763, '20241002002', 10202, 1, 25.00),
(764, '20241002003', 10103, 2, 30.00),
(765, '20241002004', 10104, 1, 30.00),
(766, '20241002004', 10203, 1, 25.00),
(767, '20241002005', 10105, 1, 30.00),
(768, '20241002006', 10106, 1, 35.00),
(769, '20241002006', 10204, 1, 25.00),
(770, '20241002007', 10201, 1, 25.00),
(771, '20241002007', 20101, 1, 25.00),
(772, '20241002008', 20102, 1, 20.00),
(773, '20241002008', 30101, 1, 30.00),
(774, '20241002009', 30102, 2, 25.00),
(775, '20241002010', 30201, 1, 25.00),
(776, '20241003001', 10101, 2, 30.00),
(777, '20241003001', 10102, 1, 30.00),
(778, '20241003002', 20101, 1, 25.00),
(779, '20241003002', 10203, 2, 25.00),
(780, '20241003003', 30101, 1, 30.00),
(781, '20241003004', 10202, 3, 25.00),
(782, '20241003005', 30201, 1, 25.00),
(783, '20241003006', 20103, 2, 30.00),
(784, '20241003007', 10103, 1, 30.00),
(785, '20241003008', 10201, 2, 25.00),
(786, '20241003009', 30102, 1, 25.00),
(787, '20241003010', 20203, 1, 25.00),
(788, '20241004001', 10101, 2, 30.00),
(789, '20241004001', 10102, 1, 30.00),
(790, '20241004002', 20101, 1, 25.00),
(791, '20241004002', 10203, 2, 25.00),
(792, '20241004003', 30101, 1, 30.00),
(793, '20241004004', 10202, 3, 25.00),
(794, '20241004005', 30201, 1, 25.00),
(795, '20241004006', 20103, 2, 30.00),
(796, '20241004007', 10103, 1, 30.00),
(797, '20241004008', 10201, 2, 25.00),
(798, '20241004009', 30102, 1, 25.00),
(799, '20241004010', 20203, 1, 25.00),
(800, '20241005001', 10101, 2, 30.00),
(801, '20241005001', 10102, 1, 30.00),
(802, '20241005002', 20101, 1, 25.00),
(803, '20241005002', 10203, 2, 25.00),
(804, '20241005003', 30101, 1, 30.00),
(805, '20241005004', 10202, 3, 25.00),
(806, '20241005005', 30201, 1, 25.00),
(807, '20241005006', 20103, 2, 30.00),
(808, '20241005007', 10103, 1, 30.00),
(809, '20241005008', 10201, 2, 25.00),
(810, '20241005009', 30102, 1, 25.00),
(811, '20241005010', 20203, 1, 25.00),
(812, '20241006001', 10101, 2, 30.00),
(813, '20241006001', 10102, 1, 30.00),
(814, '20241006002', 20101, 1, 25.00),
(815, '20241006002', 10203, 2, 25.00),
(816, '20241006003', 30101, 1, 30.00),
(817, '20241006004', 10202, 3, 25.00),
(818, '20241006005', 30201, 1, 25.00),
(819, '20241006006', 20103, 2, 30.00),
(820, '20241006007', 10103, 1, 30.00),
(821, '20241006008', 10201, 2, 25.00),
(822, '20241006009', 30102, 1, 25.00),
(823, '20241006010', 20203, 1, 25.00),
(824, '20241007001', 10101, 2, 30.00),
(825, '20241007001', 10102, 1, 30.00),
(826, '20241007002', 20101, 1, 25.00),
(827, '20241007002', 10203, 2, 25.00),
(828, '20241007003', 30101, 1, 30.00),
(829, '20241007004', 10202, 3, 25.00),
(830, '20241007005', 30201, 1, 25.00),
(831, '20241007006', 20103, 2, 30.00),
(832, '20241007007', 10103, 1, 30.00),
(833, '20241007008', 10201, 2, 25.00),
(834, '20241007009', 30102, 1, 25.00),
(835, '20241007010', 20203, 1, 25.00),
(836, '20241008001', 10101, 2, 30.00),
(837, '20241008001', 10102, 1, 30.00),
(838, '20241008002', 20101, 1, 25.00),
(839, '20241008002', 10203, 2, 25.00),
(840, '20241008003', 30101, 1, 30.00),
(841, '20241008004', 10202, 3, 25.00),
(842, '20241008005', 30201, 1, 25.00),
(843, '20241008006', 20103, 2, 30.00),
(844, '20241008007', 10103, 1, 30.00),
(845, '20241008008', 10201, 2, 25.00),
(846, '20241008009', 30102, 1, 25.00),
(847, '20241008010', 20203, 1, 25.00),
(848, '20241009001', 10101, 2, 30.00),
(849, '20241009001', 10102, 1, 30.00),
(850, '20241009002', 20101, 1, 25.00),
(851, '20241009002', 10203, 2, 25.00),
(852, '20241009003', 30101, 1, 30.00),
(853, '20241009004', 10202, 3, 25.00),
(854, '20241009005', 30201, 1, 25.00),
(855, '20241009006', 20103, 2, 30.00),
(856, '20241009007', 10103, 1, 30.00),
(857, '20241009008', 10201, 2, 25.00),
(858, '20241009009', 30102, 1, 25.00),
(859, '20241009010', 20203, 1, 25.00),
(860, '20241010001', 10101, 2, 30.00),
(861, '20241010001', 10102, 1, 30.00),
(862, '20241010002', 20101, 1, 25.00),
(863, '20241010002', 10203, 2, 25.00),
(864, '20241010003', 30101, 1, 30.00),
(865, '20241010004', 10202, 3, 25.00),
(866, '20241010005', 30201, 1, 25.00),
(867, '20241010006', 20103, 2, 30.00),
(868, '20241010007', 10103, 1, 30.00),
(869, '20241010008', 10201, 2, 25.00),
(870, '20241010009', 30102, 1, 25.00),
(871, '20241010010', 20203, 1, 25.00),
(872, '20241012001', 10101, 2, 30.00),
(873, '20241012001', 10102, 1, 30.00),
(874, '20241012002', 20101, 1, 25.00),
(875, '20241012002', 10203, 2, 25.00),
(876, '20241012003', 30101, 1, 30.00),
(877, '20241012004', 10202, 3, 25.00),
(878, '20241012005', 30201, 1, 25.00),
(879, '20241012006', 20103, 2, 30.00),
(880, '20241012007', 10103, 1, 30.00),
(881, '20241012008', 10201, 2, 25.00),
(882, '20241012009', 30102, 1, 25.00),
(883, '20241012010', 20203, 1, 25.00),
(884, '20241013001', 10101, 2, 30.00),
(885, '20241013001', 10102, 1, 30.00),
(886, '20241013002', 20101, 1, 25.00),
(887, '20241013002', 10203, 2, 25.00),
(888, '20241013003', 30101, 1, 30.00),
(889, '20241013004', 10202, 3, 25.00),
(890, '20241013005', 30201, 1, 25.00),
(891, '20241013006', 20103, 2, 30.00),
(892, '20241013007', 10103, 1, 30.00),
(893, '20241013008', 10201, 2, 25.00),
(894, '20241013009', 30102, 1, 25.00),
(895, '20241013010', 20203, 1, 25.00),
(896, '20241014001', 10101, 2, 30.00),
(897, '20241014001', 10102, 1, 30.00),
(898, '20241014002', 20101, 1, 25.00),
(899, '20241014002', 10203, 2, 25.00),
(900, '20241014003', 30101, 1, 30.00),
(901, '20241014004', 10202, 3, 25.00),
(902, '20241014005', 30201, 1, 25.00),
(903, '20241014006', 20103, 2, 30.00),
(904, '20241014007', 10103, 1, 30.00),
(905, '20241014008', 10201, 2, 25.00),
(906, '20241014009', 30102, 1, 25.00),
(907, '20241014010', 20203, 1, 25.00),
(908, '20241015001', 10101, 2, 30.00),
(909, '20241015001', 10102, 1, 30.00),
(910, '20241015002', 20101, 1, 25.00),
(911, '20241015002', 10203, 2, 25.00),
(912, '20241015003', 30101, 1, 30.00),
(913, '20241015004', 10202, 3, 25.00),
(914, '20241015005', 30201, 1, 25.00),
(915, '20241015006', 20103, 2, 30.00),
(916, '20241015007', 10103, 1, 30.00),
(917, '20241015008', 10201, 2, 25.00),
(918, '20241015009', 30102, 1, 25.00),
(919, '20241015010', 20203, 1, 25.00),
(920, '20241016011', 10101, 2, 30.00),
(921, '20241016011', 10102, 1, 30.00),
(922, '20241016012', 20101, 1, 25.00),
(923, '20241016012', 10203, 2, 25.00),
(924, '20241016003', 30101, 1, 30.00),
(925, '20241016004', 10202, 3, 25.00),
(926, '20241016005', 30201, 1, 25.00),
(927, '20241016006', 20103, 2, 30.00),
(928, '20241016007', 10103, 1, 30.00),
(929, '20241016008', 10201, 2, 25.00),
(930, '20241016009', 30102, 1, 25.00),
(931, '20241016010', 20203, 1, 25.00),
(932, '20241017001', 10101, 2, 30.00),
(933, '20241017001', 10102, 1, 30.00),
(934, '20241017002', 20101, 1, 25.00),
(935, '20241017002', 10203, 2, 25.00),
(936, '20241017003', 30101, 1, 30.00),
(937, '20241017004', 10202, 3, 25.00),
(938, '20241017005', 30201, 1, 25.00),
(939, '20241017006', 20103, 2, 30.00),
(940, '20241017007', 10103, 1, 30.00),
(941, '20241017008', 10201, 2, 25.00),
(942, '20241017009', 30102, 1, 25.00),
(943, '20241017010', 20203, 1, 25.00),
(944, '20241021001', 10101, 2, 30.00),
(945, '20241021001', 10102, 1, 30.00),
(946, '20241021002', 20101, 1, 25.00),
(947, '20241021002', 10203, 2, 25.00),
(948, '20241021003', 30101, 1, 30.00),
(949, '20241021004', 10202, 3, 25.00),
(950, '20241021005', 30201, 1, 25.00),
(951, '20241021006', 20103, 2, 30.00),
(952, '20241021007', 10103, 1, 30.00),
(953, '20241021008', 10201, 2, 25.00),
(954, '20241021009', 30102, 1, 25.00),
(955, '20241021010', 20203, 1, 25.00),
(956, '20240901001', 10101, 2, 30.00),
(957, '20240901001', 10102, 1, 30.00),
(958, '20240901002', 20101, 1, 25.00),
(959, '20240901002', 10203, 2, 25.00),
(960, '20240901003', 30101, 1, 30.00),
(961, '20240901004', 10202, 3, 25.00),
(962, '20240901005', 30201, 1, 25.00),
(963, '20240901006', 20103, 2, 30.00),
(964, '20240901007', 10103, 1, 30.00),
(965, '20240901008', 10201, 2, 25.00),
(966, '20240901009', 30102, 1, 25.00),
(967, '20240901010', 20203, 1, 25.00),
(968, '20240902001', 10101, 2, 30.00),
(969, '20240902001', 10102, 1, 30.00),
(970, '20240902002', 20101, 1, 25.00),
(971, '20240902002', 10203, 2, 25.00),
(972, '20240902003', 30101, 1, 30.00),
(973, '20240902004', 10202, 3, 25.00),
(974, '20240902005', 30201, 1, 25.00),
(975, '20240902006', 20103, 2, 30.00),
(976, '20240902007', 10103, 1, 30.00),
(977, '20240902008', 10201, 2, 25.00),
(978, '20240902009', 30102, 1, 25.00),
(979, '20240902010', 20203, 1, 25.00),
(980, '20240903001', 10101, 2, 30.00),
(981, '20240903001', 10102, 1, 30.00),
(982, '20240903002', 20101, 1, 25.00),
(983, '20240903002', 10203, 2, 25.00),
(984, '20240903003', 30101, 1, 30.00),
(985, '20240903004', 10202, 3, 25.00),
(986, '20240903005', 30201, 1, 25.00),
(987, '20240903006', 20103, 2, 30.00),
(988, '20240903007', 10103, 1, 30.00),
(989, '20240903008', 10201, 2, 25.00),
(990, '20240903009', 30102, 1, 25.00),
(991, '20240903010', 20203, 1, 25.00),
(992, '20240904001', 10101, 2, 30.00),
(993, '20240904001', 10102, 1, 30.00),
(994, '20240904002', 20101, 1, 25.00),
(995, '20240904002', 10203, 2, 25.00),
(996, '20240904003', 30101, 1, 30.00),
(997, '20240904004', 10202, 3, 25.00),
(998, '20240904005', 30201, 1, 25.00),
(999, '20240904006', 20103, 2, 30.00),
(1000, '20240904007', 10103, 1, 30.00),
(1001, '20240904008', 10201, 2, 25.00),
(1002, '20240904009', 30102, 1, 25.00),
(1003, '20240904010', 20203, 1, 25.00),
(1004, '20240905001', 10101, 2, 30.00),
(1005, '20240905001', 10102, 1, 30.00),
(1006, '20240905002', 20101, 1, 25.00),
(1007, '20240905002', 10203, 2, 25.00),
(1008, '20240905003', 30101, 1, 30.00),
(1009, '20240905004', 10202, 3, 25.00),
(1010, '20240905005', 30201, 1, 25.00),
(1011, '20240905006', 20103, 2, 30.00),
(1012, '20240905007', 10103, 1, 30.00),
(1013, '20240905008', 10201, 2, 25.00),
(1014, '20240905009', 30102, 1, 25.00),
(1015, '20240905010', 20203, 1, 25.00),
(1016, '20240906001', 10101, 2, 30.00),
(1017, '20240906001', 10102, 1, 30.00),
(1018, '20240906002', 20101, 1, 25.00),
(1019, '20240906002', 10203, 2, 25.00),
(1020, '20240906003', 30101, 1, 30.00),
(1021, '20240906004', 10202, 3, 25.00),
(1022, '20240906005', 30201, 1, 25.00),
(1023, '20240906006', 20103, 2, 30.00),
(1024, '20240906007', 10103, 1, 30.00),
(1025, '20240906008', 10201, 2, 25.00),
(1026, '20240906009', 30102, 1, 25.00),
(1027, '20240906010', 20203, 1, 25.00),
(1028, '20240907001', 10101, 2, 30.00),
(1029, '20240907001', 10102, 1, 30.00),
(1030, '20240907002', 20101, 1, 25.00),
(1031, '20240907002', 10203, 2, 25.00),
(1032, '20240907003', 30101, 1, 30.00),
(1033, '20240907004', 10202, 3, 25.00),
(1034, '20240907005', 30201, 1, 25.00),
(1035, '20240907006', 20103, 2, 30.00),
(1036, '20240907007', 10103, 1, 30.00),
(1037, '20240907008', 10201, 2, 25.00),
(1038, '20240907009', 30102, 1, 25.00),
(1039, '20240907010', 20203, 1, 25.00),
(1040, '20240908001', 10101, 2, 30.00),
(1041, '20240908001', 10102, 1, 30.00),
(1042, '20240908002', 20101, 1, 25.00),
(1043, '20240908002', 10203, 2, 25.00),
(1044, '20240908003', 30101, 1, 30.00),
(1045, '20240908004', 10202, 3, 25.00),
(1046, '20240908005', 30201, 1, 25.00),
(1047, '20240908006', 20103, 2, 30.00),
(1048, '20240908007', 10103, 1, 30.00),
(1049, '20240908008', 10201, 2, 25.00),
(1050, '20240908009', 30102, 1, 25.00),
(1051, '20240908010', 20203, 1, 25.00),
(1052, '20240909001', 10101, 2, 30.00),
(1053, '20240909001', 10102, 1, 30.00),
(1054, '20240909002', 20101, 1, 25.00),
(1055, '20240909002', 10203, 2, 25.00),
(1056, '20240909003', 30101, 1, 30.00),
(1057, '20240909004', 10202, 3, 25.00),
(1058, '20240909005', 30201, 1, 25.00),
(1059, '20240909006', 20103, 2, 30.00),
(1060, '20240909007', 10103, 1, 30.00),
(1061, '20240909008', 10201, 2, 25.00),
(1062, '20240909009', 30102, 1, 25.00),
(1063, '20240909010', 20203, 1, 25.00),
(1064, '20240910001', 10101, 2, 30.00),
(1065, '20240910001', 10102, 1, 30.00),
(1066, '20240910002', 20101, 1, 25.00),
(1067, '20240910002', 10203, 2, 25.00),
(1068, '20240910003', 30101, 1, 30.00),
(1069, '20240910004', 10202, 3, 25.00),
(1070, '20240910005', 30201, 1, 25.00),
(1071, '20240910006', 20103, 2, 30.00),
(1072, '20240910007', 10103, 1, 30.00),
(1073, '20240910008', 10201, 2, 25.00),
(1074, '20240910009', 30102, 1, 25.00),
(1075, '20240910010', 20203, 1, 25.00),
(1076, '20240911001', 10101, 2, 30.00),
(1077, '20240911001', 10102, 1, 30.00),
(1078, '20240911002', 20101, 1, 25.00),
(1079, '20240911002', 10203, 2, 25.00),
(1080, '20240911003', 30101, 1, 30.00),
(1081, '20240911004', 10202, 3, 25.00),
(1082, '20240911005', 30201, 1, 25.00),
(1083, '20240911006', 20103, 2, 30.00),
(1084, '20240911007', 10103, 1, 30.00),
(1085, '20240911008', 10201, 2, 25.00),
(1086, '20240911009', 30102, 1, 25.00),
(1087, '20240911010', 20203, 1, 25.00),
(1088, '20240912001', 10101, 2, 30.00),
(1089, '20240912001', 10102, 1, 30.00),
(1090, '20240912002', 20101, 1, 25.00),
(1091, '20240912002', 10203, 2, 25.00),
(1092, '20240912003', 30101, 1, 30.00),
(1093, '20240912004', 10202, 3, 25.00),
(1094, '20240912005', 30201, 1, 25.00),
(1095, '20240912006', 20103, 2, 30.00),
(1096, '20240912007', 10103, 1, 30.00),
(1097, '20240912008', 10201, 2, 25.00),
(1098, '20240912009', 30102, 1, 25.00),
(1099, '20240912010', 20203, 1, 25.00),
(1100, '20240913001', 10101, 2, 30.00),
(1101, '20240913001', 10102, 1, 30.00),
(1102, '20240913002', 20101, 1, 25.00),
(1103, '20240913002', 10203, 2, 25.00),
(1104, '20240913003', 30101, 1, 30.00),
(1105, '20240913004', 10202, 3, 25.00),
(1106, '20240913005', 30201, 1, 25.00),
(1107, '20240913006', 20103, 2, 30.00),
(1108, '20240913007', 10103, 1, 30.00),
(1109, '20240913008', 10201, 2, 25.00),
(1110, '20240913009', 30102, 1, 25.00),
(1111, '20240913010', 20203, 1, 25.00),
(1112, '20240914001', 10101, 2, 30.00),
(1113, '20240914001', 10102, 1, 30.00),
(1114, '20240914002', 20101, 1, 25.00),
(1115, '20240914002', 10203, 2, 25.00),
(1116, '20240914003', 30101, 1, 30.00),
(1117, '20240914004', 10202, 3, 25.00),
(1118, '20240914005', 30201, 1, 25.00),
(1119, '20240914006', 20103, 2, 30.00),
(1120, '20240914007', 10103, 1, 30.00),
(1121, '20240914008', 10201, 2, 25.00),
(1122, '20240914009', 30102, 1, 25.00),
(1123, '20240914010', 20203, 1, 25.00),
(1124, '20240915001', 10101, 2, 30.00),
(1125, '20240915001', 10102, 1, 30.00),
(1126, '20240915002', 20101, 1, 25.00),
(1127, '20240915002', 10203, 2, 25.00),
(1128, '20240915003', 30101, 1, 30.00),
(1129, '20240915004', 10202, 3, 25.00),
(1130, '20240915005', 30201, 1, 25.00),
(1131, '20240915006', 20103, 2, 30.00),
(1132, '20240915007', 10103, 1, 30.00),
(1133, '20240915008', 10201, 2, 25.00),
(1134, '20240915009', 30102, 1, 25.00),
(1135, '20240915010', 20203, 1, 25.00),
(1136, '20240916001', 10101, 2, 30.00),
(1137, '20240916001', 10102, 1, 30.00),
(1138, '20240916002', 20101, 1, 25.00),
(1139, '20240916002', 10203, 2, 25.00),
(1140, '20240916003', 30101, 1, 30.00),
(1141, '20240916004', 10202, 3, 25.00),
(1142, '20240916005', 30201, 1, 25.00),
(1143, '20240916006', 20103, 2, 30.00),
(1144, '20240916007', 10103, 1, 30.00),
(1145, '20240916008', 10201, 2, 25.00),
(1146, '20240916009', 30102, 1, 25.00),
(1147, '20240916010', 20203, 1, 25.00),
(1148, '20240917001', 10101, 2, 30.00),
(1149, '20240917001', 10102, 1, 30.00),
(1150, '20240917002', 20101, 1, 25.00),
(1151, '20240917002', 10203, 2, 25.00),
(1152, '20240917003', 30101, 1, 30.00),
(1153, '20240917004', 10202, 3, 25.00),
(1154, '20240917005', 30201, 1, 25.00),
(1155, '20240917006', 20103, 2, 30.00),
(1156, '20240917007', 10103, 1, 30.00),
(1157, '20240917008', 10201, 2, 25.00),
(1158, '20240917009', 30102, 1, 25.00),
(1159, '20240917010', 20203, 1, 25.00),
(1160, '20240918001', 10101, 2, 30.00),
(1161, '20240918001', 10102, 1, 30.00),
(1162, '20240918002', 20101, 1, 25.00),
(1163, '20240918002', 10203, 2, 25.00),
(1164, '20240918003', 30101, 1, 30.00),
(1165, '20240918004', 10202, 3, 25.00),
(1166, '20240918005', 30201, 1, 25.00),
(1167, '20240918006', 20103, 2, 30.00),
(1168, '20240918007', 10103, 1, 30.00),
(1169, '20240918008', 10201, 2, 25.00),
(1170, '20240918009', 30102, 1, 25.00),
(1171, '20240918010', 20203, 1, 25.00),
(1172, '20240919001', 10101, 2, 30.00),
(1173, '20240919001', 10102, 1, 30.00),
(1174, '20240919002', 20101, 1, 25.00),
(1175, '20240919002', 10203, 2, 25.00),
(1176, '20240919003', 30101, 1, 30.00),
(1177, '20240919004', 10202, 3, 25.00),
(1178, '20240919005', 30201, 1, 25.00),
(1179, '20240919006', 20103, 2, 30.00),
(1180, '20240919007', 10103, 1, 30.00),
(1181, '20240919008', 10201, 2, 25.00),
(1182, '20240919009', 30102, 1, 25.00),
(1183, '20240919010', 20203, 1, 25.00),
(1184, '20240920001', 10101, 2, 30.00),
(1185, '20240920001', 10102, 1, 30.00),
(1186, '20240920002', 20101, 1, 25.00),
(1187, '20240920002', 10203, 2, 25.00),
(1188, '20240920003', 30101, 1, 30.00),
(1189, '20240920004', 10202, 3, 25.00),
(1190, '20240920005', 30201, 1, 25.00),
(1191, '20240920006', 20103, 2, 30.00),
(1192, '20240920007', 10103, 1, 30.00),
(1193, '20240920008', 10201, 2, 25.00),
(1194, '20240920009', 30102, 1, 25.00),
(1195, '20240920010', 20203, 1, 25.00),
(1196, '20240921001', 10101, 2, 30.00),
(1197, '20240921001', 10102, 1, 30.00),
(1198, '20240921002', 20101, 1, 25.00),
(1199, '20240921002', 10203, 2, 25.00),
(1200, '20240921003', 30101, 1, 30.00),
(1201, '20240921004', 10202, 3, 25.00),
(1202, '20240921005', 30201, 1, 25.00),
(1203, '20240921006', 20103, 2, 30.00),
(1204, '20240921007', 10103, 1, 30.00),
(1205, '20240921008', 10201, 2, 25.00),
(1206, '20240921009', 30102, 1, 25.00),
(1207, '20240921010', 20203, 1, 25.00),
(1208, '20240922001', 10101, 2, 30.00),
(1209, '20240922001', 10102, 1, 30.00),
(1210, '20240922002', 20101, 1, 25.00),
(1211, '20240922002', 10203, 2, 25.00),
(1212, '20240922003', 30101, 1, 30.00),
(1213, '20240922004', 10202, 3, 25.00),
(1214, '20240922005', 30201, 1, 25.00),
(1215, '20240922006', 20103, 2, 30.00),
(1216, '20240922007', 10103, 1, 30.00),
(1217, '20240922008', 10201, 2, 25.00),
(1218, '20240922009', 30102, 1, 25.00),
(1219, '20240922010', 20203, 1, 25.00),
(1220, '20240923001', 10101, 2, 30.00),
(1221, '20240923001', 10102, 1, 30.00),
(1222, '20240923002', 20101, 1, 25.00),
(1223, '20240923002', 10203, 2, 25.00),
(1224, '20240923003', 30101, 1, 30.00),
(1225, '20240923004', 10202, 3, 25.00),
(1226, '20240923005', 30201, 1, 25.00),
(1227, '20240923006', 20103, 2, 30.00),
(1228, '20240923007', 10103, 1, 30.00),
(1229, '20240923008', 10201, 2, 25.00),
(1230, '20240923009', 30102, 1, 25.00),
(1231, '20240923010', 20203, 1, 25.00),
(1232, '20240924001', 10101, 2, 30.00),
(1233, '20240924001', 10102, 1, 30.00),
(1234, '20240924002', 20101, 1, 25.00),
(1235, '20240924002', 10203, 2, 25.00),
(1236, '20240924003', 30101, 1, 30.00),
(1237, '20240924004', 10202, 3, 25.00),
(1238, '20240924005', 30201, 1, 25.00),
(1239, '20240924006', 20103, 2, 30.00),
(1240, '20240924007', 10103, 1, 30.00),
(1241, '20240924008', 10201, 2, 25.00),
(1242, '20240924009', 30102, 1, 25.00),
(1243, '20240924010', 20203, 1, 25.00),
(1244, '20240925001', 10101, 2, 30.00),
(1245, '20240925001', 10102, 1, 30.00),
(1246, '20240925002', 20101, 1, 25.00),
(1247, '20240925002', 10203, 2, 25.00),
(1248, '20240925003', 30101, 1, 30.00),
(1249, '20240925004', 10202, 3, 25.00),
(1250, '20240925005', 30201, 1, 25.00),
(1251, '20240925006', 20103, 2, 30.00),
(1252, '20240925007', 10103, 1, 30.00),
(1253, '20240925008', 10201, 2, 25.00),
(1254, '20240925009', 30102, 1, 25.00),
(1255, '20240925010', 20203, 1, 25.00),
(1256, '20240926001', 10101, 2, 30.00),
(1257, '20240926001', 10102, 1, 30.00),
(1258, '20240926002', 20101, 1, 25.00),
(1259, '20240926002', 10203, 2, 25.00),
(1260, '20240926003', 30101, 1, 30.00),
(1261, '20240926004', 10202, 3, 25.00),
(1262, '20240926005', 30201, 1, 25.00),
(1263, '20240926006', 20103, 2, 30.00),
(1264, '20240926007', 10103, 1, 30.00),
(1265, '20240926008', 10201, 2, 25.00),
(1266, '20240926009', 30102, 1, 25.00),
(1267, '20240926010', 20203, 1, 25.00),
(1268, '20240927001', 10101, 2, 30.00),
(1269, '20240927001', 10102, 1, 30.00),
(1270, '20240927002', 20101, 1, 25.00),
(1271, '20240927002', 10203, 2, 25.00),
(1272, '20240927003', 30101, 1, 30.00),
(1273, '20240927004', 10202, 3, 25.00),
(1274, '20240927005', 30201, 1, 25.00),
(1275, '20240927006', 20103, 2, 30.00),
(1276, '20240927007', 10103, 1, 30.00),
(1277, '20240927008', 10201, 2, 25.00),
(1278, '20240927009', 30102, 1, 25.00),
(1279, '20240927010', 20203, 1, 25.00),
(1280, '20240928001', 10101, 2, 30.00),
(1281, '20240928001', 10102, 1, 30.00),
(1282, '20240928002', 20101, 1, 25.00),
(1283, '20240928002', 10203, 2, 25.00),
(1284, '20240928003', 30101, 1, 30.00),
(1285, '20240928004', 10202, 3, 25.00),
(1286, '20240928005', 30201, 1, 25.00),
(1287, '20240928006', 20103, 2, 30.00),
(1288, '20240928007', 10103, 1, 30.00),
(1289, '20240928008', 10201, 2, 25.00),
(1290, '20240928009', 30102, 1, 25.00),
(1291, '20240928010', 20203, 1, 25.00),
(1292, '20240929001', 10101, 2, 30.00),
(1293, '20240929001', 10102, 1, 30.00),
(1294, '20240929002', 20101, 1, 25.00),
(1295, '20240929002', 10203, 2, 25.00),
(1296, '20240929003', 30101, 1, 30.00),
(1297, '20240929004', 10202, 3, 25.00),
(1298, '20240929005', 30201, 1, 25.00),
(1299, '20240929006', 20103, 2, 30.00),
(1300, '20240929007', 10103, 1, 30.00),
(1301, '20240929008', 10201, 2, 25.00),
(1302, '20240929009', 30102, 1, 25.00),
(1303, '20240929010', 20203, 1, 25.00),
(1304, '20240930001', 10101, 2, 30.00),
(1305, '20240930001', 10102, 1, 30.00),
(1306, '20240930002', 20101, 1, 25.00),
(1307, '20240930002', 10203, 2, 25.00),
(1308, '20240930003', 30101, 1, 30.00),
(1309, '20240930004', 10202, 3, 25.00),
(1310, '20240930005', 30201, 1, 25.00),
(1311, '20240930006', 20103, 2, 30.00),
(1312, '20240930007', 10103, 1, 30.00),
(1313, '20240930008', 10201, 2, 25.00),
(1314, '20240930009', 30102, 1, 25.00),
(1315, '20240930010', 20203, 1, 25.00),
(1316, '20241023001', 10102, 1, 30.00),
(1317, '20241023002', 10101, 1, 30.00),
(1318, '20241023002', 10106, 1, 35.00),
(1319, '20241023002', 20101, 1, 25.00),
(1320, '20241023003', 20203, 1, 25.00),
(1321, '20241023003', 10103, 1, 30.00),
(1322, '20241023004', 10101, 4, 30.00),
(1323, '20241023004', 10106, 2, 35.00),
(1324, '20241023004', 10102, 2, 30.00),
(1325, '20241023004', 10103, 2, 30.00),
(1326, '20241023004', 10104, 2, 30.00),
(1327, '20241023004', 10105, 1, 30.00),
(1328, '20241023004', 20101, 3, 25.00),
(1329, '20241023004', 20102, 2, 20.00),
(1330, '20241023004', 20103, 2, 30.00),
(1331, '20241023004', 20104, 2, 25.00),
(1332, '20241023004', 20105, 2, 30.00),
(1333, '20241023004', 30202, 2, 15.00),
(1334, '20241023004', 30201, 2, 25.00),
(1335, '20241023004', 30101, 2, 30.00),
(1336, '20241023004', 30102, 2, 25.00),
(1337, '20241023004', 20205, 2, 25.00),
(1338, '20241023004', 20204, 2, 15.00),
(1339, '20241023004', 20203, 2, 25.00),
(1340, '20241023004', 20202, 2, 15.00),
(1341, '20241023004', 20201, 4, 15.00),
(1342, '20241023004', 10201, 2, 25.00),
(1343, '20241023004', 10206, 5, 30.00),
(1344, '20241023004', 10202, 4, 25.00),
(1369, '20240101001', 10101, 2, 30.00),
(1370, '20240101001', 10102, 1, 30.00),
(1371, '20240101002', 20101, 1, 25.00),
(1372, '20240101002', 10203, 2, 25.00),
(1373, '20240101003', 30101, 1, 30.00),
(1374, '20240101004', 10202, 3, 25.00),
(1375, '20240101005', 30201, 1, 25.00),
(1376, '20240101006', 20103, 2, 30.00),
(1377, '20240101007', 10103, 1, 30.00),
(1378, '20240101008', 10201, 2, 25.00),
(1379, '20240101009', 30102, 1, 25.00),
(1380, '20240101010', 20203, 1, 25.00),
(1381, '20240102001', 10101, 2, 30.00),
(1382, '20240102001', 10102, 1, 30.00),
(1383, '20240102002', 20101, 1, 25.00),
(1384, '20240102002', 10203, 2, 25.00),
(1385, '20240102003', 30101, 1, 30.00),
(1386, '20240102004', 10202, 3, 25.00),
(1387, '20240102005', 30201, 1, 25.00),
(1388, '20240102006', 20103, 2, 30.00),
(1389, '20240102007', 10103, 1, 30.00),
(1390, '20240102008', 10201, 2, 25.00),
(1391, '20240102009', 30102, 1, 25.00),
(1392, '20240102010', 20203, 1, 25.00),
(1393, '20240103001', 10101, 2, 30.00),
(1394, '20240103001', 10102, 1, 30.00),
(1395, '20240103002', 20101, 1, 25.00),
(1396, '20240103002', 10203, 2, 25.00),
(1397, '20240103003', 30101, 1, 30.00),
(1398, '20240103004', 10202, 3, 25.00),
(1399, '20240103005', 30201, 1, 25.00),
(1400, '20240103006', 20103, 2, 30.00),
(1401, '20240103007', 10103, 1, 30.00),
(1402, '20240103008', 10201, 2, 25.00),
(1403, '20240103009', 30102, 1, 25.00),
(1404, '20240103010', 20203, 1, 25.00),
(1405, '20240104001', 10101, 2, 30.00),
(1406, '20240104001', 10102, 1, 30.00),
(1407, '20240104002', 20101, 1, 25.00),
(1408, '20240104002', 10203, 2, 25.00),
(1409, '20240104003', 30101, 1, 30.00),
(1410, '20240104004', 10202, 3, 25.00),
(1411, '20240104005', 30201, 1, 25.00),
(1412, '20240104006', 20103, 2, 30.00),
(1413, '20240104007', 10103, 1, 30.00),
(1414, '20240104008', 10201, 2, 25.00),
(1415, '20240104009', 30102, 1, 25.00),
(1416, '20240104010', 20203, 1, 25.00),
(1417, '20240105001', 10101, 100, 30.00),
(1418, '20240105001', 10102, 100, 30.00),
(1419, '20240105002', 20101, 50, 25.00),
(1420, '20240105002', 10203, 50, 25.00),
(1421, '20240105003', 30101, 100, 30.00),
(1422, '20240105004', 10202, 100, 25.00),
(1423, '20240105005', 30201, 100, 25.00),
(1424, '20240105006', 20103, 50, 30.00),
(1425, '20240105007', 10103, 100, 30.00),
(1426, '20240105008', 10201, 50, 25.00),
(1427, '20240105009', 30102, 100, 25.00),
(1428, '20240105010', 20203, 100, 25.00),
(1441, '20240202001', 10101, 100, 30.00),
(1442, '20240202001', 10102, 50, 30.00),
(1443, '20240202002', 20101, 50, 25.00),
(1444, '20240202002', 10203, 80, 25.00),
(1445, '20240202003', 30101, 30, 30.00),
(1446, '20240202004', 10202, 50, 25.00),
(1447, '20240202005', 30201, 50, 25.00),
(1448, '20240202006', 20103, 50, 30.00),
(1449, '20240202007', 10103, 50, 30.00),
(1450, '20240202008', 10201, 50, 25.00),
(1451, '20240202009', 30102, 50, 25.00),
(1452, '20240202010', 20203, 20, 25.00),
(1453, '20240303001', 10101, 80, 30.00),
(1454, '20240303001', 10102, 70, 30.00),
(1455, '20240303002', 20101, 60, 25.00),
(1456, '20240303002', 10203, 100, 25.00),
(1457, '20240303003', 30101, 90, 30.00),
(1458, '20240303004', 10202, 70, 25.00),
(1459, '20240303005', 30201, 50, 25.00),
(1460, '20240303006', 20103, 50, 30.00),
(1461, '20240303007', 10103, 50, 30.00),
(1462, '20240303008', 10201, 50, 25.00),
(1463, '20240303009', 30102, 50, 25.00),
(1464, '20240303010', 20203, 20, 25.00),
(1465, '20240404001', 10101, 69, 30.00),
(1466, '20240404001', 10102, 60, 30.00),
(1467, '20240404002', 20101, 70, 25.00),
(1468, '20240404002', 10203, 80, 25.00),
(1469, '20240404003', 30101, 50, 30.00),
(1470, '20240404004', 10202, 70, 25.00),
(1471, '20240404005', 30201, 67, 25.00),
(1472, '20240404006', 20103, 76, 30.00),
(1473, '20240404007', 10103, 68, 30.00),
(1474, '20240404008', 10201, 45, 25.00),
(1475, '20240404009', 30102, 78, 25.00),
(1476, '20240404010', 20203, 66, 25.00),
(1477, '20240505001', 10101, 87, 30.00),
(1478, '20240505001', 10102, 97, 30.00),
(1479, '20240505002', 20101, 56, 25.00),
(1480, '20240505002', 10203, 40, 25.00),
(1481, '20240505003', 30101, 60, 30.00),
(1482, '20240505004', 10202, 80, 25.00),
(1483, '20240505005', 30201, 57, 25.00),
(1484, '20240505006', 20103, 86, 30.00),
(1485, '20240505007', 10103, 48, 30.00),
(1486, '20240505008', 10201, 65, 25.00),
(1487, '20240505009', 30102, 88, 25.00),
(1488, '20240505010', 20203, 76, 25.00),
(1489, '20240606001', 10101, 98, 30.00),
(1490, '20240606001', 10102, 86, 30.00),
(1491, '20240606002', 20101, 67, 25.00),
(1492, '20240606002', 10203, 79, 25.00),
(1493, '20240606003', 30101, 48, 30.00),
(1494, '20240606004', 10202, 77, 25.00),
(1495, '20240606005', 30201, 86, 25.00),
(1496, '20240606006', 20103, 77, 30.00),
(1497, '20240606007', 10103, 93, 30.00),
(1498, '20240606008', 10201, 86, 25.00),
(1499, '20240606009', 30102, 78, 25.00),
(1500, '20240606010', 20203, 90, 25.00),
(1501, '20240707001', 10101, 98, 30.00),
(1502, '20240707001', 10102, 86, 30.00),
(1503, '20240707002', 20101, 67, 25.00),
(1504, '20240707002', 10203, 79, 25.00),
(1505, '20240707003', 30101, 48, 30.00),
(1506, '20240707004', 10202, 77, 25.00),
(1507, '20240707005', 30201, 86, 25.00),
(1508, '20240707006', 20103, 77, 30.00),
(1509, '20240707007', 10103, 93, 30.00),
(1510, '20240707008', 10201, 86, 25.00),
(1511, '20240707009', 30102, 78, 25.00),
(1512, '20240707010', 20203, 90, 25.00),
(1513, '20240808001', 10101, 59, 30.00),
(1514, '20240808001', 10102, 86, 30.00),
(1515, '20240808002', 20101, 77, 25.00),
(1516, '20240808002', 10203, 89, 25.00),
(1517, '20240808003', 30101, 57, 30.00),
(1518, '20240808004', 10202, 68, 25.00),
(1519, '20240808005', 30201, 46, 25.00),
(1520, '20240808006', 20103, 34, 30.00),
(1521, '20240808007', 10103, 65, 30.00),
(1522, '20240808008', 10201, 77, 25.00),
(1523, '20240808009', 30102, 88, 25.00),
(1524, '20240808010', 20203, 57, 25.00),
(1525, '20230101001', 10101, 59, 30.00),
(1526, '20230101001', 10102, 86, 30.00),
(1527, '20230101002', 20101, 77, 25.00),
(1528, '20230101002', 10203, 89, 25.00),
(1529, '20230101003', 30101, 57, 30.00),
(1530, '20230101004', 10202, 68, 25.00),
(1531, '20230101005', 30201, 46, 25.00),
(1532, '20230101006', 20103, 34, 30.00),
(1533, '20230101007', 10103, 65, 30.00),
(1534, '20230101008', 10201, 77, 25.00),
(1535, '20230101009', 30102, 88, 25.00),
(1536, '20230101010', 20203, 57, 25.00),
(1537, '20230202001', 10101, 76, 30.00),
(1538, '20230202001', 10102, 88, 30.00),
(1539, '20230202002', 20101, 68, 25.00),
(1540, '20230202002', 10203, 98, 25.00),
(1541, '20230202003', 30101, 87, 30.00),
(1542, '20230202004', 10202, 60, 25.00),
(1543, '20230202005', 30201, 89, 25.00),
(1544, '20230202006', 20103, 69, 30.00),
(1545, '20230202007', 10103, 59, 30.00),
(1546, '20230202008', 10201, 47, 25.00),
(1547, '20230202009', 30102, 72, 25.00),
(1548, '20230202010', 20203, 55, 25.00),
(1549, '20230303001', 10101, 66, 30.00),
(1550, '20230303001', 10102, 46, 30.00),
(1551, '20230303002', 20101, 66, 25.00),
(1552, '20230303002', 10203, 56, 25.00),
(1553, '20230303003', 30101, 74, 30.00),
(1554, '20230303004', 10202, 63, 25.00),
(1555, '20230303005', 30201, 87, 25.00),
(1556, '20230303006', 20103, 45, 30.00),
(1557, '20230303007', 10103, 65, 30.00),
(1558, '20230303008', 10201, 74, 25.00),
(1559, '20230303009', 30102, 48, 25.00),
(1560, '20230303010', 20203, 75, 25.00),
(1561, '20230404001', 10101, 66, 30.00),
(1562, '20230404001', 10102, 46, 30.00),
(1563, '20230404002', 20101, 66, 25.00),
(1564, '20230404002', 10203, 56, 25.00),
(1565, '20230404003', 30101, 74, 30.00),
(1566, '20230404004', 10202, 63, 25.00),
(1567, '20230404005', 30201, 87, 25.00),
(1568, '20230404006', 20103, 45, 30.00),
(1569, '20230404007', 10103, 65, 30.00),
(1570, '20230404008', 10201, 74, 25.00),
(1571, '20230404009', 30102, 48, 25.00),
(1572, '20230404010', 20203, 75, 25.00),
(1573, '20230505001', 10101, 44, 30.00),
(1574, '20230505001', 10102, 52, 30.00),
(1575, '20230505002', 20101, 77, 25.00),
(1576, '20230505002', 10203, 46, 25.00),
(1577, '20230505003', 30101, 74, 30.00),
(1578, '20230505004', 10202, 54, 25.00),
(1579, '20230505005', 30201, 38, 25.00),
(1580, '20230505006', 20103, 54, 30.00),
(1581, '20230505007', 10103, 39, 30.00),
(1582, '20230505008', 10201, 89, 25.00),
(1583, '20230505009', 30102, 65, 25.00),
(1584, '20230505010', 20203, 26, 25.00),
(1585, '20230606001', 10101, 80, 30.00),
(1586, '20230606001', 10102, 44, 30.00),
(1587, '20230606002', 20101, 32, 25.00),
(1588, '20230606002', 10203, 66, 25.00),
(1589, '20230606003', 30101, 78, 30.00),
(1590, '20230606004', 10202, 43, 25.00),
(1591, '20230606005', 30201, 45, 25.00),
(1592, '20230606006', 20103, 73, 30.00),
(1593, '20230606007', 10103, 64, 30.00),
(1594, '20230606008', 10201, 52, 25.00),
(1595, '20230606009', 30102, 76, 25.00),
(1596, '20230606010', 20203, 34, 25.00),
(1597, '20230707001', 10101, 66, 30.00),
(1598, '20230707001', 10102, 45, 30.00),
(1599, '20230707002', 20101, 63, 25.00),
(1600, '20230707002', 10203, 44, 25.00),
(1601, '20230707003', 30101, 58, 30.00),
(1602, '20230707004', 10202, 70, 25.00),
(1603, '20230707005', 30201, 65, 25.00),
(1604, '20230707006', 20103, 46, 30.00),
(1605, '20230707007', 10103, 76, 30.00),
(1606, '20230707008', 10201, 45, 25.00),
(1607, '20230707009', 30102, 66, 25.00),
(1608, '20230707010', 20203, 44, 25.00),
(1609, '20230808001', 10101, 90, 30.00),
(1610, '20230808001', 10102, 45, 30.00),
(1611, '20230808002', 20101, 63, 25.00),
(1612, '20230808002', 10203, 77, 25.00),
(1613, '20230808003', 30101, 65, 30.00),
(1614, '20230808004', 10202, 45, 25.00),
(1615, '20230808005', 30201, 44, 25.00),
(1616, '20230808006', 20103, 23, 30.00),
(1617, '20230808007', 10103, 87, 30.00),
(1618, '20230808008', 10201, 69, 25.00),
(1619, '20230808009', 30102, 59, 25.00),
(1620, '20230808010', 20203, 65, 25.00),
(1621, '20230909001', 10101, 75, 30.00),
(1622, '20230909001', 10102, 68, 30.00),
(1623, '20230909002', 20101, 67, 25.00),
(1624, '20230909002', 10203, 45, 25.00),
(1625, '20230909003', 30101, 97, 30.00),
(1626, '20230909004', 10202, 56, 25.00),
(1627, '20230909005', 30201, 35, 25.00);
INSERT INTO `order_detail` (`order_detail_id`, `order_id`, `p_id`, `quantity`, `price`) VALUES
(1628, '20230909006', 20103, 65, 30.00),
(1629, '20230909007', 10103, 23, 30.00),
(1630, '20230909008', 10201, 54, 25.00),
(1631, '20230909009', 30102, 67, 25.00),
(1632, '20230909010', 20203, 54, 25.00),
(1633, '20231010001', 10101, 64, 30.00),
(1634, '20231010001', 10102, 22, 30.00),
(1635, '20231010002', 20101, 45, 25.00),
(1636, '20231010002', 10203, 64, 25.00),
(1637, '20231010003', 30101, 76, 30.00),
(1638, '20231010004', 10202, 45, 25.00),
(1639, '20231010005', 30201, 35, 25.00),
(1640, '20231010006', 20103, 74, 30.00),
(1641, '20231010007', 10103, 86, 30.00),
(1642, '20231010008', 10201, 67, 25.00),
(1643, '20231010009', 30102, 95, 25.00),
(1644, '20231010010', 20203, 46, 25.00),
(1645, '20231110001', 10101, 56, 30.00),
(1646, '20231110001', 10102, 74, 30.00),
(1647, '20231110002', 20101, 33, 25.00),
(1648, '20231110002', 10203, 54, 25.00),
(1649, '20231110003', 30101, 78, 30.00),
(1650, '20231110004', 10202, 56, 25.00),
(1651, '20231110005', 30201, 87, 25.00),
(1652, '20231110006', 20103, 45, 30.00),
(1653, '20231110007', 10103, 33, 30.00),
(1654, '20231110008', 10201, 43, 25.00),
(1655, '20231110009', 30102, 22, 25.00),
(1656, '20231110010', 20203, 31, 25.00),
(1657, '20231212001', 10101, 56, 30.00),
(1658, '20231212001', 10102, 74, 30.00),
(1659, '20231212002', 20101, 33, 25.00),
(1660, '20231212002', 10203, 54, 25.00),
(1661, '20231212003', 30101, 78, 30.00),
(1662, '20231212004', 10202, 56, 25.00),
(1663, '20231212005', 30201, 87, 25.00),
(1664, '20231212006', 20103, 45, 30.00),
(1665, '20231212007', 10103, 33, 30.00),
(1666, '20231212008', 10201, 43, 25.00),
(1667, '20231212009', 30102, 22, 25.00),
(1668, '20231212010', 20203, 31, 25.00),
(1669, '20241023005', 10101, 1, 30.00),
(1670, '20241023005', 10106, 1, 35.00),
(1671, '20241023006', 10102, 1, 30.00),
(1672, '20241023006', 20101, 1, 25.00);

-- --------------------------------------------------------

--
-- Table structure for table `points_history`
--

CREATE TABLE `points_history` (
  `id` int(11) NOT NULL,
  `c_id` int(11) DEFAULT NULL,
  `points` int(11) DEFAULT NULL,
  `type` enum('earn','redeem') NOT NULL,
  `transaction_date` datetime DEFAULT current_timestamp(),
  `order_id` varchar(12) NOT NULL
) ENGINE=InnoDB DEFAULT CHARSET=utf8mb4 COLLATE=utf8mb4_general_ci;

--
-- Dumping data for table `points_history`
--

INSERT INTO `points_history` (`id`, `c_id`, `points`, `type`, `transaction_date`, `order_id`) VALUES
(70, 1, 1, 'earn', '2024-10-11 15:05:41', '20241011005'),
(71, 1, 10, 'earn', '2024-10-11 15:06:01', '20241011007'),
(72, 1, -10, 'redeem', '2024-10-11 15:06:01', '20241011007'),
(73, 18, 1, 'earn', '2024-10-11 15:06:33', '20241011012'),
(74, 1, 1, 'earn', '2024-10-11 15:06:46', '20241011014'),
(75, 18, 8, 'earn', '2024-10-11 15:07:11', '20241011015'),
(76, 18, 4, 'earn', '2024-10-11 15:07:44', '20241011017'),
(78, 1, -10, 'redeem', '2024-10-11 15:59:02', '20241011007'),
(79, 1, 1, 'earn', '2024-10-18 10:14:18', '20241018001'),
(80, 1, 2, 'earn', '2024-10-18 10:39:11', '20241018002'),
(81, 1, -10, 'redeem', '2024-10-18 10:39:11', '20241018002'),
(82, 1, 4, 'earn', '2024-10-18 13:46:57', '20241018004'),
(83, 1, 1, 'earn', '2024-10-18 13:52:59', '20241018005'),
(84, 1, -10, 'redeem', '2024-10-18 13:52:59', '20241018005'),
(85, 1, 1, 'earn', '2024-10-18 14:33:33', '20241018007'),
(86, 1, -10, 'redeem', '2024-10-18 14:33:33', '20241018007'),
(87, 1, 2, 'earn', '2024-10-19 10:00:56', '20241019003'),
(88, 1, -10, 'redeem', '2024-10-19 10:00:56', '20241019003'),
(89, 1, 5, 'earn', '2024-10-20 14:24:14', '20241020001'),
(90, 1, -10, 'redeem', '2024-10-20 14:24:14', '20241020001'),
(91, 18, 43, 'earn', '2024-10-20 14:28:22', '20241020002'),
(92, 18, -10, 'redeem', '2024-10-20 14:28:22', '20241020002'),
(93, 1, 1, 'earn', '2024-10-20 14:47:53', '20241020004'),
(94, 1, -10, 'redeem', '2024-10-20 14:47:53', '20241020004'),
(95, 1, 3, 'earn', '2024-10-22 09:33:21', '20241022001'),
(96, 1, -10, 'redeem', '2024-10-22 09:33:21', '20241022001'),
(97, 18, 3, 'earn', '2024-10-22 09:33:39', '20241022002'),
(98, 18, -10, 'redeem', '2024-10-22 09:33:39', '20241022002'),
(99, 1, 3, 'earn', '2024-10-22 09:50:11', '20241022003'),
(100, 1, -10, 'redeem', '2024-10-22 09:50:11', '20241022003'),
(101, 1, 5, 'earn', '2024-10-22 09:50:29', '20241022004'),
(102, 1, -10, 'redeem', '2024-10-22 09:50:29', '20241022004'),
(103, 1, 1, 'earn', '2024-10-22 12:15:16', '20241022005'),
(104, 1, 2, 'earn', '2024-10-22 13:49:38', '20241022006'),
(105, 1, -10, 'redeem', '2024-10-22 13:49:38', '20241022006'),
(106, 1, 1, 'earn', '2024-10-22 14:26:50', '20241022008'),
(107, 1, 1, 'earn', '2024-10-22 14:50:43', '20241022020'),
(108, 18, 3, 'earn', '2024-10-22 15:32:19', '20241022021'),
(109, 1, 9, 'earn', '2024-10-22 15:33:40', '20241022022'),
(110, 1, -10, 'redeem', '2024-10-22 15:33:40', '20241022022'),
(111, 1, 2, 'earn', '2024-10-22 15:44:16', '20241022023'),
(112, 1, 1, 'earn', '2024-10-22 15:45:22', '20241022024'),
(113, 1, -10, 'redeem', '2024-10-22 15:45:22', '20241022024'),
(114, 1, 3, 'earn', '2024-10-22 21:16:18', '20241022027'),
(115, 1, 10, 'earn', '2024-10-01 14:20:34', '20241001001'),
(116, 18, 20, 'earn', '2024-10-01 14:20:47', '20241001002'),
(117, 1, 15, 'earn', '2024-10-01 14:20:56', '20241001004'),
(118, 18, 30, 'earn', '2024-10-01 14:20:58', '20241001006'),
(119, 1, 20, 'earn', '2024-10-01 14:21:01', '20241001008'),
(120, 18, 25, 'earn', '2024-10-01 14:21:03', '20241001010'),
(121, 1, 5, 'earn', '2024-10-02 08:30:00', '20241002001'),
(124, 18, 10, 'earn', '2024-10-02 09:00:00', '20241002002'),
(125, 1, 5, 'earn', '2024-10-02 09:30:00', '20241002003'),
(126, 1, 10, 'earn', '2024-10-02 10:00:00', '20241002004'),
(127, 1, 5, 'earn', '2024-10-02 10:30:00', '20241002005'),
(128, 1, 15, 'earn', '2024-10-02 11:00:00', '20241002006'),
(129, 1, 10, 'earn', '2024-10-02 11:30:00', '20241002007'),
(130, 1, 15, 'earn', '2024-10-02 12:00:00', '20241002008'),
(131, 18, 10, 'earn', '2024-10-02 12:30:00', '20241002009'),
(132, 18, 5, 'earn', '2024-10-02 13:00:00', '20241002010'),
(133, 1, 10, 'earn', '2024-10-03 14:58:22', '20241003001'),
(134, 18, 20, 'earn', '2024-10-03 14:58:28', '20241003002'),
(135, 1, 15, 'earn', '2024-10-03 14:58:31', '20241003004'),
(136, 18, 30, 'earn', '2024-10-03 14:58:41', '20241003006'),
(137, 1, 20, 'earn', '2024-10-03 14:58:53', '20241003008'),
(138, 18, 25, 'earn', '2024-10-03 14:58:56', '20241003010'),
(139, 1, 10, 'earn', '2024-10-04 14:58:58', '20241004001'),
(140, 18, 20, 'earn', '2024-10-04 14:59:00', '20241004002'),
(141, 1, 15, 'earn', '2024-10-04 14:59:02', '20241004004'),
(142, 18, 30, 'earn', '2024-10-04 14:59:04', '20241004006'),
(143, 1, 20, 'earn', '2024-10-04 14:59:06', '20241004008'),
(144, 18, 25, 'earn', '2024-10-04 14:59:09', '20241004010'),
(145, 1, 10, 'earn', '2024-10-05 08:30:00', '20241005001'),
(146, 18, 20, 'earn', '2024-10-05 09:00:00', '20241005002'),
(147, 1, 15, 'earn', '2024-10-05 10:00:00', '20241005004'),
(148, 18, 30, 'earn', '2024-10-05 11:00:00', '20241005006'),
(149, 1, 20, 'earn', '2024-10-05 12:00:00', '20241005008'),
(150, 18, 25, 'earn', '2024-10-05 13:00:00', '20241005010'),
(151, 1, 10, 'earn', '2024-10-06 08:30:00', '20241006001'),
(152, 18, 20, 'earn', '2024-10-06 09:00:00', '20241006002'),
(153, 1, 15, 'earn', '2024-10-06 10:00:00', '20241006004'),
(154, 18, 30, 'earn', '2024-10-06 11:00:00', '20241006006'),
(155, 1, 20, 'earn', '2024-10-06 12:00:00', '20241006008'),
(156, 18, 25, 'earn', '2024-10-06 13:00:00', '20241006010'),
(157, 1, 10, 'earn', '2024-10-07 08:30:00', '20241007001'),
(158, 18, 20, 'earn', '2024-10-07 09:00:00', '20241007002'),
(159, 1, 15, 'earn', '2024-10-07 10:00:00', '20241007004'),
(160, 18, 30, 'earn', '2024-10-07 11:00:00', '20241007006'),
(161, 1, 20, 'earn', '2024-10-07 12:00:00', '20241007008'),
(162, 18, 25, 'earn', '2024-10-07 13:00:00', '20241007010'),
(163, 1, 10, 'earn', '2024-10-08 08:30:00', '20241008001'),
(164, 18, 20, 'earn', '2024-10-08 09:00:00', '20241008002'),
(165, 1, 15, 'earn', '2024-10-08 10:00:00', '20241008004'),
(166, 18, 30, 'earn', '2024-10-08 11:00:00', '20241008006'),
(167, 1, 20, 'earn', '2024-10-08 12:00:00', '20241008008'),
(168, 18, 25, 'earn', '2024-10-08 13:00:00', '20241008010'),
(169, 1, 10, 'earn', '2024-10-09 08:30:00', '20241009001'),
(170, 18, 20, 'earn', '2024-10-09 09:00:00', '20241009002'),
(171, 1, 15, 'earn', '2024-10-09 10:00:00', '20241009004'),
(172, 18, 30, 'earn', '2024-10-09 11:00:00', '20241009006'),
(173, 1, 20, 'earn', '2024-10-09 12:00:00', '20241009008'),
(174, 18, 25, 'earn', '2024-10-09 13:00:00', '20241009010'),
(175, 1, 10, 'earn', '2024-10-10 08:30:00', '20241010001'),
(176, 18, 20, 'earn', '2024-10-10 09:00:00', '20241010002'),
(177, 1, 15, 'earn', '2024-10-10 10:00:00', '20241010004'),
(178, 18, 30, 'earn', '2024-10-10 11:00:00', '20241010006'),
(179, 1, 20, 'earn', '2024-10-10 12:00:00', '20241010008'),
(180, 18, 25, 'earn', '2024-10-10 13:00:00', '20241010010'),
(181, 1, 10, 'earn', '2024-10-12 08:30:00', '20241012001'),
(182, 18, 20, 'earn', '2024-10-12 09:00:00', '20241012002'),
(183, 1, 15, 'earn', '2024-10-12 10:00:00', '20241012004'),
(184, 18, 30, 'earn', '2024-10-12 11:00:00', '20241012006'),
(185, 1, 20, 'earn', '2024-10-12 12:00:00', '20241012008'),
(186, 18, 25, 'earn', '2024-10-12 13:00:00', '20241012010'),
(187, 1, 10, 'earn', '2024-10-13 08:30:00', '20241013001'),
(188, 18, 20, 'earn', '2024-10-13 09:00:00', '20241013002'),
(189, 1, 15, 'earn', '2024-10-13 10:00:00', '20241013004'),
(190, 18, 30, 'earn', '2024-10-13 11:00:00', '20241013006'),
(191, 1, 20, 'earn', '2024-10-13 12:00:00', '20241013008'),
(192, 18, 25, 'earn', '2024-10-13 13:00:00', '20241013010'),
(193, 1, 10, 'earn', '2024-10-14 08:30:00', '20241014001'),
(194, 18, 20, 'earn', '2024-10-14 09:00:00', '20241014002'),
(195, 1, 15, 'earn', '2024-10-14 10:00:00', '20241014004'),
(196, 18, 30, 'earn', '2024-10-14 11:00:00', '20241014006'),
(197, 1, 20, 'earn', '2024-10-14 12:00:00', '20241014008'),
(198, 18, 25, 'earn', '2024-10-14 13:00:00', '20241014010'),
(199, 1, 10, 'earn', '2024-10-15 08:30:00', '20241015001'),
(200, 18, 20, 'earn', '2024-10-15 09:00:00', '20241015002'),
(201, 1, 15, 'earn', '2024-10-15 10:00:00', '20241015004'),
(202, 18, 30, 'earn', '2024-10-15 11:00:00', '20241015006'),
(203, 1, 20, 'earn', '2024-10-15 12:00:00', '20241015008'),
(204, 18, 25, 'earn', '2024-10-15 13:00:00', '20241015010'),
(205, 1, 10, 'earn', '2024-10-16 08:30:00', '20241016011'),
(206, 18, 20, 'earn', '2024-10-16 09:00:00', '20241016012'),
(207, 1, 15, 'earn', '2024-10-16 10:00:00', '20241016004'),
(208, 18, 30, 'earn', '2024-10-16 11:00:00', '20241016006'),
(209, 1, 20, 'earn', '2024-10-16 12:00:00', '20241016008'),
(210, 18, 25, 'earn', '2024-10-16 13:00:00', '20241016010'),
(211, 1, 10, 'earn', '2024-10-17 08:30:00', '20241017001'),
(212, 18, 20, 'earn', '2024-10-17 09:00:00', '20241017002'),
(213, 1, 15, 'earn', '2024-10-17 10:00:00', '20241017004'),
(214, 18, 30, 'earn', '2024-10-17 11:00:00', '20241017006'),
(215, 1, 20, 'earn', '2024-10-17 12:00:00', '20241017008'),
(216, 18, 25, 'earn', '2024-10-17 13:00:00', '20241017010'),
(217, 1, 10, 'earn', '2024-10-21 08:30:00', '20241021001'),
(218, 18, 20, 'earn', '2024-10-21 09:00:00', '20241021002'),
(219, 1, 15, 'earn', '2024-10-21 10:00:00', '20241021004'),
(220, 18, 30, 'earn', '2024-10-21 11:00:00', '20241021006'),
(221, 1, 20, 'earn', '2024-10-21 12:00:00', '20241021008'),
(222, 18, 25, 'earn', '2024-10-21 13:00:00', '20241021010'),
(223, 1, 10, 'earn', '2024-09-01 08:30:00', '20240901001'),
(224, 18, 20, 'earn', '2024-09-01 09:00:00', '20240901002'),
(225, 1, 15, 'earn', '2024-09-01 10:00:00', '20240901004'),
(226, 18, 30, 'earn', '2024-09-01 11:00:00', '20240901006'),
(227, 1, 20, 'earn', '2024-09-01 12:00:00', '20240901008'),
(228, 18, 25, 'earn', '2024-09-01 13:00:00', '20240901010'),
(229, 1, 10, 'earn', '2024-09-02 08:30:00', '20240902001'),
(230, 18, 20, 'earn', '2024-09-02 09:00:00', '20240902002'),
(231, 1, 15, 'earn', '2024-09-02 10:00:00', '20240902004'),
(232, 18, 30, 'earn', '2024-09-02 11:00:00', '20240902006'),
(233, 1, 20, 'earn', '2024-09-02 12:00:00', '20240902008'),
(234, 18, 25, 'earn', '2024-09-02 13:00:00', '20240902010'),
(235, 1, 10, 'earn', '2024-09-03 08:30:00', '20240903001'),
(236, 18, 20, 'earn', '2024-09-03 09:00:00', '20240903002'),
(237, 1, 15, 'earn', '2024-09-03 10:00:00', '20240903004'),
(238, 18, 30, 'earn', '2024-09-03 11:00:00', '20240903006'),
(239, 1, 20, 'earn', '2024-09-03 12:00:00', '20240903008'),
(240, 18, 25, 'earn', '2024-09-03 13:00:00', '20240903010'),
(241, 1, 10, 'earn', '2024-09-04 08:30:00', '20240904001'),
(242, 18, 20, 'earn', '2024-09-04 09:00:00', '20240904002'),
(243, 1, 15, 'earn', '2024-09-04 10:00:00', '20240904004'),
(244, 18, 30, 'earn', '2024-09-04 11:00:00', '20240904006'),
(245, 1, 20, 'earn', '2024-09-04 12:00:00', '20240904008'),
(246, 18, 25, 'earn', '2024-09-04 13:00:00', '20240904010'),
(247, 1, 10, 'earn', '2024-09-05 08:30:00', '20240905001'),
(248, 18, 20, 'earn', '2024-09-05 09:00:00', '20240905002'),
(249, 1, 15, 'earn', '2024-09-05 10:00:00', '20240905004'),
(250, 18, 30, 'earn', '2024-09-05 11:00:00', '20240905006'),
(251, 1, 20, 'earn', '2024-09-05 12:00:00', '20240905008'),
(252, 18, 25, 'earn', '2024-09-05 13:00:00', '20240905010'),
(253, 1, 10, 'earn', '2024-09-06 08:30:00', '20240906001'),
(254, 18, 20, 'earn', '2024-09-06 09:00:00', '20240906002'),
(255, 1, 15, 'earn', '2024-09-06 10:00:00', '20240906004'),
(256, 18, 30, 'earn', '2024-09-06 11:00:00', '20240906006'),
(257, 1, 20, 'earn', '2024-09-06 12:00:00', '20240906008'),
(258, 18, 25, 'earn', '2024-09-06 13:00:00', '20240906010'),
(259, 1, 10, 'earn', '2024-09-07 08:30:00', '20240907001'),
(260, 18, 20, 'earn', '2024-09-07 09:00:00', '20240907002'),
(261, 1, 15, 'earn', '2024-09-07 10:00:00', '20240907004'),
(262, 18, 30, 'earn', '2024-09-07 11:00:00', '20240907006'),
(263, 1, 20, 'earn', '2024-09-07 12:00:00', '20240907008'),
(264, 18, 25, 'earn', '2024-09-07 13:00:00', '20240907010'),
(265, 1, 10, 'earn', '2024-09-08 08:30:00', '20240908001'),
(266, 18, 20, 'earn', '2024-09-08 09:00:00', '20240908002'),
(267, 1, 15, 'earn', '2024-09-08 10:00:00', '20240908004'),
(268, 18, 30, 'earn', '2024-09-08 11:00:00', '20240908006'),
(269, 1, 20, 'earn', '2024-09-08 12:00:00', '20240908008'),
(270, 18, 25, 'earn', '2024-09-08 13:00:00', '20240908010'),
(271, 1, 10, 'earn', '2024-09-09 08:30:00', '20240909001'),
(272, 18, 20, 'earn', '2024-09-09 09:00:00', '20240909002'),
(273, 1, 15, 'earn', '2024-09-09 10:00:00', '20240909004'),
(274, 18, 30, 'earn', '2024-09-09 11:00:00', '20240909006'),
(275, 1, 20, 'earn', '2024-09-09 12:00:00', '20240909008'),
(276, 18, 25, 'earn', '2024-09-09 13:00:00', '20240909010'),
(277, 1, 10, 'earn', '2024-09-10 08:30:00', '20240910001'),
(278, 18, 20, 'earn', '2024-09-10 09:00:00', '20240910002'),
(279, 1, 15, 'earn', '2024-09-10 10:00:00', '20240910004'),
(280, 18, 30, 'earn', '2024-09-10 11:00:00', '20240910006'),
(281, 1, 20, 'earn', '2024-09-10 12:00:00', '20240910008'),
(282, 18, 25, 'earn', '2024-09-10 13:00:00', '20240910010'),
(283, 1, 10, 'earn', '2024-09-11 08:30:00', '20240911001'),
(284, 18, 20, 'earn', '2024-09-11 09:00:00', '20240911002'),
(285, 1, 15, 'earn', '2024-09-11 10:00:00', '20240911004'),
(286, 18, 30, 'earn', '2024-09-11 11:00:00', '20240911006'),
(287, 1, 20, 'earn', '2024-09-11 12:00:00', '20240911008'),
(288, 18, 25, 'earn', '2024-09-11 13:00:00', '20240911010'),
(289, 1, 10, 'earn', '2024-09-12 08:30:00', '20240912001'),
(290, 18, 20, 'earn', '2024-09-12 09:00:00', '20240912002'),
(291, 1, 15, 'earn', '2024-09-12 10:00:00', '20240912004'),
(292, 18, 30, 'earn', '2024-09-12 11:00:00', '20240912006'),
(293, 1, 20, 'earn', '2024-09-12 12:00:00', '20240912008'),
(294, 18, 25, 'earn', '2024-09-12 13:00:00', '20240912010'),
(295, 1, 10, 'earn', '2024-09-13 08:30:00', '20240913001'),
(296, 18, 20, 'earn', '2024-09-13 09:00:00', '20240913002'),
(297, 1, 15, 'earn', '2024-09-13 10:00:00', '20240913004'),
(298, 18, 30, 'earn', '2024-09-13 11:00:00', '20240913006'),
(299, 1, 20, 'earn', '2024-09-13 12:00:00', '20240913008'),
(300, 18, 25, 'earn', '2024-09-13 13:00:00', '20240913010'),
(301, 1, 10, 'earn', '2024-09-14 08:30:00', '20240914001'),
(302, 18, 20, 'earn', '2024-09-14 09:00:00', '20240914002'),
(303, 1, 15, 'earn', '2024-09-14 10:00:00', '20240914004'),
(304, 18, 30, 'earn', '2024-09-14 11:00:00', '20240914006'),
(305, 1, 20, 'earn', '2024-09-14 12:00:00', '20240914008'),
(306, 18, 25, 'earn', '2024-09-14 13:00:00', '20240914010'),
(307, 1, 10, 'earn', '2024-09-15 08:30:00', '20240915001'),
(308, 18, 20, 'earn', '2024-09-15 09:00:00', '20240915002'),
(309, 1, 15, 'earn', '2024-09-15 10:00:00', '20240915004'),
(310, 18, 30, 'earn', '2024-09-15 11:00:00', '20240915006'),
(311, 1, 20, 'earn', '2024-09-15 12:00:00', '20240915008'),
(312, 18, 25, 'earn', '2024-09-15 13:00:00', '20240915010'),
(313, 1, 10, 'earn', '2024-09-16 08:30:00', '20240916001'),
(314, 18, 20, 'earn', '2024-09-16 09:00:00', '20240916002'),
(315, 1, 15, 'earn', '2024-09-16 10:00:00', '20240916004'),
(316, 18, 30, 'earn', '2024-09-16 11:00:00', '20240916006'),
(317, 1, 20, 'earn', '2024-09-16 12:00:00', '20240916008'),
(318, 18, 25, 'earn', '2024-09-16 13:00:00', '20240916010'),
(319, 1, 10, 'earn', '2024-09-17 08:30:00', '20240917001'),
(320, 18, 20, 'earn', '2024-09-17 09:00:00', '20240917002'),
(321, 1, 15, 'earn', '2024-09-17 10:00:00', '20240917004'),
(322, 18, 30, 'earn', '2024-09-17 11:00:00', '20240917006'),
(323, 1, 20, 'earn', '2024-09-17 12:00:00', '20240917008'),
(324, 18, 25, 'earn', '2024-09-17 13:00:00', '20240917010'),
(325, 1, 10, 'earn', '2024-09-18 08:30:00', '20240918001'),
(326, 18, 20, 'earn', '2024-09-18 09:00:00', '20240918002'),
(327, 1, 15, 'earn', '2024-09-18 10:00:00', '20240918004'),
(328, 18, 30, 'earn', '2024-09-18 11:00:00', '20240918006'),
(329, 1, 20, 'earn', '2024-09-18 12:00:00', '20240918008'),
(330, 18, 25, 'earn', '2024-09-18 13:00:00', '20240918010'),
(331, 1, 10, 'earn', '2024-09-19 08:30:00', '20240919001'),
(332, 18, 20, 'earn', '2024-09-19 09:00:00', '20240919002'),
(333, 1, 15, 'earn', '2024-09-19 10:00:00', '20240919004'),
(334, 18, 30, 'earn', '2024-09-19 11:00:00', '20240919006'),
(335, 1, 20, 'earn', '2024-09-19 12:00:00', '20240919008'),
(336, 18, 25, 'earn', '2024-09-19 13:00:00', '20240919010'),
(337, 1, 10, 'earn', '2024-09-20 08:30:00', '20240920001'),
(338, 18, 20, 'earn', '2024-09-20 09:00:00', '20240920002'),
(339, 1, 15, 'earn', '2024-09-20 10:00:00', '20240920004'),
(340, 18, 30, 'earn', '2024-09-20 11:00:00', '20240920006'),
(341, 1, 20, 'earn', '2024-09-20 12:00:00', '20240920008'),
(342, 18, 25, 'earn', '2024-09-20 13:00:00', '20240920010'),
(343, 1, 10, 'earn', '2024-09-21 08:30:00', '20240921001'),
(344, 18, 20, 'earn', '2024-09-21 09:00:00', '20240921002'),
(345, 1, 15, 'earn', '2024-09-21 10:00:00', '20240921004'),
(346, 18, 30, 'earn', '2024-09-21 11:00:00', '20240921006'),
(347, 1, 20, 'earn', '2024-09-21 12:00:00', '20240921008'),
(348, 18, 25, 'earn', '2024-09-21 13:00:00', '20240921010'),
(349, 1, 10, 'earn', '2024-09-22 08:30:00', '20240922001'),
(350, 18, 20, 'earn', '2024-09-22 09:00:00', '20240922002'),
(351, 1, 15, 'earn', '2024-09-22 10:00:00', '20240922004'),
(352, 18, 30, 'earn', '2024-09-22 11:00:00', '20240922006'),
(353, 1, 20, 'earn', '2024-09-22 12:00:00', '20240922008'),
(354, 18, 25, 'earn', '2024-09-22 13:00:00', '20240922010'),
(355, 1, 10, 'earn', '2024-09-23 08:30:00', '20240923001'),
(356, 18, 20, 'earn', '2024-09-23 09:00:00', '20240923002'),
(357, 1, 15, 'earn', '2024-09-23 10:00:00', '20240923004'),
(358, 18, 30, 'earn', '2024-09-23 11:00:00', '20240923006'),
(359, 1, 20, 'earn', '2024-09-23 12:00:00', '20240923008'),
(360, 18, 25, 'earn', '2024-09-23 13:00:00', '20240923010'),
(361, 1, 10, 'earn', '2024-09-24 08:30:00', '20240924001'),
(362, 18, 20, 'earn', '2024-09-24 09:00:00', '20240924002'),
(363, 1, 15, 'earn', '2024-09-24 10:00:00', '20240924004'),
(364, 18, 30, 'earn', '2024-09-24 11:00:00', '20240924006'),
(365, 1, 20, 'earn', '2024-09-24 12:00:00', '20240924008'),
(366, 18, 25, 'earn', '2024-09-24 13:00:00', '20240924010'),
(367, 1, 10, 'earn', '2024-09-25 08:30:00', '20240925001'),
(368, 18, 20, 'earn', '2024-09-25 09:00:00', '20240925002'),
(369, 1, 15, 'earn', '2024-09-25 10:00:00', '20240925004'),
(370, 18, 30, 'earn', '2024-09-25 11:00:00', '20240925006'),
(371, 1, 20, 'earn', '2024-09-25 12:00:00', '20240925008'),
(372, 18, 25, 'earn', '2024-09-25 13:00:00', '20240925010'),
(373, 1, 10, 'earn', '2024-09-26 08:30:00', '20240926001'),
(374, 18, 20, 'earn', '2024-09-26 09:00:00', '20240926002'),
(375, 1, 15, 'earn', '2024-09-26 10:00:00', '20240926004'),
(376, 18, 30, 'earn', '2024-09-26 11:00:00', '20240926006'),
(377, 1, 20, 'earn', '2024-09-26 12:00:00', '20240926008'),
(378, 18, 25, 'earn', '2024-09-26 13:00:00', '20240926010'),
(379, 1, 10, 'earn', '2024-09-27 08:30:00', '20240927001'),
(380, 18, 20, 'earn', '2024-09-27 09:00:00', '20240927002'),
(381, 1, 15, 'earn', '2024-09-27 10:00:00', '20240927004'),
(382, 18, 30, 'earn', '2024-09-27 11:00:00', '20240927006'),
(383, 1, 20, 'earn', '2024-09-27 12:00:00', '20240927008'),
(384, 18, 25, 'earn', '2024-09-27 13:00:00', '20240927010'),
(385, 1, 10, 'earn', '2024-09-28 08:30:00', '20240928001'),
(386, 18, 20, 'earn', '2024-09-28 09:00:00', '20240928002'),
(387, 1, 15, 'earn', '2024-09-28 10:00:00', '20240928004'),
(388, 18, 30, 'earn', '2024-09-28 11:00:00', '20240928006'),
(389, 1, 20, 'earn', '2024-09-28 12:00:00', '20240928008'),
(390, 18, 25, 'earn', '2024-09-28 13:00:00', '20240928010'),
(391, 1, 10, 'earn', '2024-09-29 08:30:00', '20240929001'),
(392, 18, 20, 'earn', '2024-09-29 09:00:00', '20240929002'),
(393, 1, 15, 'earn', '2024-09-29 10:00:00', '20240929004'),
(394, 18, 30, 'earn', '2024-09-29 11:00:00', '20240929006'),
(395, 1, 20, 'earn', '2024-09-29 12:00:00', '20240929008'),
(396, 18, 25, 'earn', '2024-09-29 13:00:00', '20240929010'),
(397, 1, 10, 'earn', '2024-09-30 08:30:00', '20240930001'),
(398, 18, 20, 'earn', '2024-09-30 09:00:00', '20240930002'),
(399, 1, 15, 'earn', '2024-09-30 10:00:00', '20240930004'),
(400, 18, 30, 'earn', '2024-09-30 11:00:00', '20240930006'),
(401, 1, 20, 'earn', '2024-09-30 12:00:00', '20240930008'),
(402, 18, 25, 'earn', '2024-09-30 13:00:00', '20240930010'),
(403, 18, 1, 'earn', '2024-10-23 18:59:19', '20241023001'),
(404, 18, -10, 'redeem', '2024-10-23 18:59:19', '20241023001'),
(405, 1, 3, 'earn', '2024-10-23 18:59:40', '20241023002'),
(406, 1, -10, 'redeem', '2024-10-23 18:59:40', '20241023002'),
(407, 18, 2, 'earn', '2024-10-23 19:00:53', '20241023003'),
(408, 18, -10, 'redeem', '2024-10-23 19:00:53', '20241023003'),
(409, 1, 10, 'earn', '2024-01-01 08:30:00', '20240101001'),
(410, 18, 20, 'earn', '2024-01-01 09:00:00', '20240101002'),
(411, 1, 15, 'earn', '2024-01-01 10:00:00', '20240101004'),
(412, 18, 30, 'earn', '2024-01-01 11:00:00', '20240101006'),
(413, 1, 20, 'earn', '2024-01-01 12:00:00', '20240101008'),
(414, 18, 25, 'earn', '2024-01-01 13:00:00', '20240101010'),
(415, 1, 10, 'earn', '2024-01-02 08:30:00', '20240102001'),
(416, 18, 20, 'earn', '2024-01-02 09:00:00', '20240102002'),
(417, 1, 15, 'earn', '2024-01-02 10:00:00', '20240102004'),
(418, 18, 30, 'earn', '2024-01-02 11:00:00', '20240102006'),
(419, 1, 20, 'earn', '2024-01-02 12:00:00', '20240102008'),
(420, 18, 25, 'earn', '2024-01-02 13:00:00', '20240102010'),
(421, 1, 10, 'earn', '2024-01-03 08:30:00', '20240103001'),
(422, 18, 20, 'earn', '2024-01-03 09:00:00', '20240103002'),
(423, 1, 15, 'earn', '2024-01-03 10:00:00', '20240103004'),
(424, 18, 30, 'earn', '2024-01-03 11:00:00', '20240103006'),
(425, 1, 20, 'earn', '2024-01-03 12:00:00', '20240103008'),
(426, 18, 25, 'earn', '2024-01-03 13:00:00', '20240103010'),
(427, 1, 10, 'earn', '2024-01-04 08:30:00', '20240104001'),
(428, 18, 20, 'earn', '2024-01-04 09:00:00', '20240104002'),
(429, 1, 15, 'earn', '2024-01-04 10:00:00', '20240104004'),
(430, 18, 30, 'earn', '2024-01-04 11:00:00', '20240104006'),
(431, 1, 20, 'earn', '2024-01-04 12:00:00', '20240104008'),
(432, 18, 25, 'earn', '2024-01-04 13:00:00', '20240104010'),
(433, 1, 10, 'earn', '2024-01-05 08:30:00', '20240105001'),
(434, 18, 20, 'earn', '2024-01-05 09:00:00', '20240105002'),
(435, 1, 15, 'earn', '2024-01-05 10:00:00', '20240105004'),
(436, 18, 30, 'earn', '2024-01-05 11:00:00', '20240105006'),
(437, 1, 20, 'earn', '2024-01-05 12:00:00', '20240105008'),
(438, 18, 25, 'earn', '2024-01-05 13:00:00', '20240105010'),
(445, 1, 10, 'earn', '2024-02-02 08:30:00', '20240202001'),
(446, 18, 20, 'earn', '2024-02-02 09:00:00', '20240202002'),
(447, 1, 15, 'earn', '2024-02-02 10:00:00', '20240202004'),
(448, 18, 30, 'earn', '2024-02-02 11:00:00', '20240202006'),
(449, 1, 20, 'earn', '2024-02-02 12:00:00', '20240202008'),
(450, 18, 25, 'earn', '2024-02-02 13:00:00', '20240202010'),
(451, 1, 10, 'earn', '2024-03-03 08:30:00', '20240303001'),
(452, 18, 20, 'earn', '2024-03-03 09:00:00', '20240303002'),
(453, 1, 15, 'earn', '2024-03-03 10:00:00', '20240303004'),
(454, 18, 30, 'earn', '2024-03-03 11:00:00', '20240303006'),
(455, 1, 20, 'earn', '2024-03-03 12:00:00', '20240303008'),
(456, 18, 25, 'earn', '2024-03-03 13:00:00', '20240303010'),
(457, 1, 10, 'earn', '2024-04-04 08:30:00', '20240404001'),
(458, 18, 20, 'earn', '2024-04-04 09:00:00', '20240404002'),
(459, 1, 15, 'earn', '2024-04-04 10:00:00', '20240404004'),
(460, 18, 30, 'earn', '2024-04-04 11:00:00', '20240404006'),
(461, 1, 20, 'earn', '2024-04-04 12:00:00', '20240404008'),
(462, 18, 25, 'earn', '2024-04-04 13:00:00', '20240404010'),
(463, 1, 10, 'earn', '2024-05-05 08:30:00', '20240505001'),
(464, 18, 20, 'earn', '2024-05-05 09:00:00', '20240505002'),
(465, 1, 15, 'earn', '2024-05-05 10:00:00', '20240505004'),
(466, 18, 30, 'earn', '2024-05-05 11:00:00', '20240505006'),
(467, 1, 20, 'earn', '2024-05-05 12:00:00', '20240505008'),
(468, 18, 25, 'earn', '2024-05-05 13:00:00', '20240505010'),
(469, 1, 10, 'earn', '2024-06-06 08:30:00', '20240606001'),
(470, 18, 20, 'earn', '2024-06-06 09:00:00', '20240606002'),
(471, 1, 15, 'earn', '2024-06-06 10:00:00', '20240606004'),
(472, 18, 30, 'earn', '2024-06-06 11:00:00', '20240606006'),
(473, 1, 20, 'earn', '2024-06-06 12:00:00', '20240606008'),
(474, 18, 25, 'earn', '2024-06-06 13:00:00', '20240606010'),
(475, 1, 10, 'earn', '2024-07-07 08:30:00', '20240707001'),
(476, 18, 20, 'earn', '2024-07-07 09:00:00', '20240707002'),
(477, 1, 15, 'earn', '2024-07-07 10:00:00', '20240707004'),
(478, 18, 30, 'earn', '2024-07-07 11:00:00', '20240707006'),
(479, 1, 20, 'earn', '2024-07-07 12:00:00', '20240707008'),
(480, 18, 25, 'earn', '2024-07-07 13:00:00', '20240707010'),
(481, 1, 10, 'earn', '2024-08-08 08:30:00', '20240808001'),
(482, 18, 20, 'earn', '2024-08-08 09:00:00', '20240808002'),
(483, 1, 15, 'earn', '2024-08-08 10:00:00', '20240808004'),
(484, 18, 30, 'earn', '2024-08-08 11:00:00', '20240808006'),
(485, 1, 20, 'earn', '2024-08-08 12:00:00', '20240808008'),
(486, 18, 25, 'earn', '2024-08-08 13:00:00', '20240808010'),
(487, 1, 10, 'earn', '2023-01-01 08:30:00', '20230101001'),
(488, 18, 20, 'earn', '2023-01-01 09:00:00', '20230101002'),
(489, 1, 15, 'earn', '2023-01-01 10:00:00', '20230101004'),
(490, 18, 30, 'earn', '2023-01-01 11:00:00', '20230101006'),
(491, 1, 20, 'earn', '2023-01-01 12:00:00', '20230101008'),
(492, 18, 25, 'earn', '2023-01-01 13:00:00', '20230101010'),
(493, 1, 10, 'earn', '2023-02-02 08:30:00', '20230202001'),
(494, 18, 20, 'earn', '2023-02-02 09:00:00', '20230202002'),
(495, 1, 15, 'earn', '2023-02-02 10:00:00', '20230202004'),
(496, 18, 30, 'earn', '2023-02-02 11:00:00', '20230202006'),
(497, 1, 20, 'earn', '2023-02-02 12:00:00', '20230202008'),
(498, 18, 25, 'earn', '2023-02-02 13:00:00', '20230202010'),
(499, 1, 10, 'earn', '2023-03-03 08:30:00', '20230303001'),
(500, 18, 20, 'earn', '2023-03-03 09:00:00', '20230303002'),
(501, 1, 15, 'earn', '2023-03-03 10:00:00', '20230303004'),
(502, 18, 30, 'earn', '2023-03-03 11:00:00', '20230303006'),
(503, 1, 20, 'earn', '2023-03-03 12:00:00', '20230303008'),
(504, 18, 25, 'earn', '2023-03-03 13:00:00', '20230303010'),
(505, 1, 10, 'earn', '2023-04-04 08:30:00', '20230404001'),
(506, 18, 20, 'earn', '2023-04-04 09:00:00', '20230404002'),
(507, 1, 15, 'earn', '2023-04-04 10:00:00', '20230404004'),
(508, 18, 30, 'earn', '2023-04-04 11:00:00', '20230404006'),
(509, 1, 20, 'earn', '2023-04-04 12:00:00', '20230404008'),
(510, 18, 25, 'earn', '2023-04-04 13:00:00', '20230404010'),
(511, 1, 10, 'earn', '2023-05-05 08:30:00', '20230505001'),
(512, 18, 20, 'earn', '2023-05-05 09:00:00', '20230505002'),
(513, 1, 15, 'earn', '2023-05-05 10:00:00', '20230505004'),
(514, 18, 30, 'earn', '2023-05-05 11:00:00', '20230505006'),
(515, 1, 20, 'earn', '2023-05-05 12:00:00', '20230505008'),
(516, 18, 25, 'earn', '2023-05-05 13:00:00', '20230505010'),
(517, 1, 10, 'earn', '2023-06-06 08:30:00', '20230606001'),
(518, 18, 20, 'earn', '2023-06-06 09:00:00', '20230606002'),
(519, 1, 15, 'earn', '2023-06-06 10:00:00', '20230606004'),
(520, 18, 30, 'earn', '2023-06-06 11:00:00', '20230606006'),
(521, 1, 20, 'earn', '2023-06-06 12:00:00', '20230606008'),
(522, 18, 25, 'earn', '2023-06-06 13:00:00', '20230606010'),
(523, 1, 10, 'earn', '2023-07-07 08:30:00', '20230707001'),
(524, 18, 20, 'earn', '2023-07-07 09:00:00', '20230707002'),
(525, 1, 15, 'earn', '2023-07-07 10:00:00', '20230707004'),
(526, 18, 30, 'earn', '2023-07-07 11:00:00', '20230707006'),
(527, 1, 20, 'earn', '2023-07-07 12:00:00', '20230707008'),
(528, 18, 25, 'earn', '2023-07-07 13:00:00', '20230707010'),
(529, 1, 10, 'earn', '2023-08-08 08:30:00', '20230808001'),
(530, 18, 20, 'earn', '2023-08-08 09:00:00', '20230808002'),
(531, 1, 15, 'earn', '2023-08-08 10:00:00', '20230808004'),
(532, 18, 30, 'earn', '2023-08-08 11:00:00', '20230808006'),
(533, 1, 20, 'earn', '2023-08-08 12:00:00', '20230808008'),
(534, 18, 25, 'earn', '2023-08-08 13:00:00', '20230808010'),
(535, 1, 10, 'earn', '2023-09-09 08:30:00', '20230909001'),
(536, 18, 20, 'earn', '2023-09-09 09:00:00', '20230909002'),
(537, 1, 15, 'earn', '2023-09-09 10:00:00', '20230909004'),
(538, 18, 30, 'earn', '2023-09-09 11:00:00', '20230909006'),
(539, 1, 20, 'earn', '2023-09-09 12:00:00', '20230909008'),
(540, 18, 25, 'earn', '2023-09-09 13:00:00', '20230909010'),
(541, 1, 10, 'earn', '2023-10-10 08:30:00', '20231010001'),
(542, 18, 20, 'earn', '2023-10-10 09:00:00', '20231010002'),
(543, 1, 15, 'earn', '2023-10-10 10:00:00', '20231010004'),
(544, 18, 30, 'earn', '2023-10-10 11:00:00', '20231010006'),
(545, 1, 20, 'earn', '2023-10-10 12:00:00', '20231010008'),
(546, 18, 25, 'earn', '2023-10-10 13:00:00', '20231010010'),
(547, 1, 10, 'earn', '2023-11-10 08:30:00', '20231110001'),
(548, 18, 20, 'earn', '2023-11-10 09:00:00', '20231110002'),
(549, 1, 15, 'earn', '2023-11-10 10:00:00', '20231110004'),
(550, 18, 30, 'earn', '2023-11-10 11:00:00', '20231110006'),
(551, 1, 20, 'earn', '2023-11-10 12:00:00', '20231110008'),
(552, 18, 25, 'earn', '2023-11-10 13:00:00', '20231110010'),
(553, 1, 10, 'earn', '2023-12-12 08:30:00', '20231212001'),
(554, 18, 20, 'earn', '2023-12-12 09:00:00', '20231212002'),
(555, 1, 15, 'earn', '2023-12-12 10:00:00', '20231212004'),
(556, 18, 30, 'earn', '2023-12-12 11:00:00', '20231212006'),
(557, 1, 20, 'earn', '2023-12-12 12:00:00', '20231212008'),
(558, 18, 25, 'earn', '2023-12-12 13:00:00', '20231212010');

-- --------------------------------------------------------

--
-- Table structure for table `products`
--

CREATE TABLE `products` (
  `p_id` int(5) NOT NULL,
  `p_name` varchar(30) NOT NULL,
  `p_price` float NOT NULL,
  `p_type` varchar(10) DEFAULT NULL,
  `category` text DEFAULT NULL
) ENGINE=InnoDB DEFAULT CHARSET=utf8mb4 COLLATE=utf8mb4_general_ci;

--
-- Dumping data for table `products`
--

INSERT INTO `products` (`p_id`, `p_name`, `p_price`, `p_type`, `category`) VALUES
(10101, 'Americano', 30, 'Coffee', 'ICE'),
(10102, 'Espresso', 30, 'Coffee', 'ICE'),
(10103, 'Cappuccino', 30, 'Coffee', 'ICE'),
(10104, 'Mocha', 30, 'Coffee', 'ICE'),
(10105, 'Latte', 30, 'Coffee', 'ICE'),
(10106, 'Black Honey Lemon', 35, 'Coffee', 'ICE'),
(10201, 'Americano', 25, 'Coffee', 'HOT'),
(10202, 'Espresso', 25, 'Coffee', 'HOT'),
(10203, 'Cappuccino', 25, 'Coffee', 'HOT'),
(10204, 'Mocha', 25, 'Coffee', 'HOT'),
(10205, 'Latte', 25, 'Coffee', 'HOT'),
(10206, 'Black Honey Lemon', 30, 'Coffee', 'HOT'),
(20101, 'Tea Thai', 25, 'Tea', 'ICE'),
(20102, 'Black Tea', 20, 'Tea', 'ICE'),
(20103, 'Green Tea', 30, 'Tea', 'ICE'),
(20104, 'Lemon Tea', 25, 'Tea', 'ICE'),
(20105, 'Black Green Tea', 30, 'Tea', 'ICE'),
(20201, 'Tea Thai', 15, 'Tea', 'HOT'),
(20202, 'Black Tea', 15, 'Tea', 'HOT'),
(20203, 'Green Tea', 25, 'Tea', 'HOT'),
(20204, 'Lemon Tea', 15, 'Tea', 'HOT'),
(20205, 'Black Green Tea', 25, 'Tea', 'HOT'),
(30101, 'Cocoa', 30, 'Chocolate', 'ICE'),
(30102, 'Ovaltine', 25, 'Chocolate', 'ICE'),
(30201, 'Cocoa', 25, 'Chocolate', 'HOT'),
(30202, 'Ovaltine', 15, 'Chocolate', 'HOT');

-- --------------------------------------------------------

--
-- Table structure for table `user_account`
--

CREATE TABLE `user_account` (
  `user_id` int(5) NOT NULL,
  `user_fname` varchar(30) NOT NULL,
  `user_lname` varchar(30) NOT NULL,
  `user_tel` varchar(10) NOT NULL,
  `user_id_card` varchar(13) NOT NULL,
  `role_type` varchar(1) NOT NULL,
  `user_status` varchar(10) NOT NULL,
  `user_password` varchar(15) DEFAULT NULL
) ENGINE=InnoDB DEFAULT CHARSET=utf8mb4 COLLATE=utf8mb4_general_ci;

--
-- Dumping data for table `user_account`
--

INSERT INTO `user_account` (`user_id`, `user_fname`, `user_lname`, `user_tel`, `user_id_card`, `role_type`, `user_status`, `user_password`) VALUES
(5151, 'kanya', 'jampa', '0824315254', '3900987581154', 'O', 'Active', '12345'),
(11927, 'admin', 'admin', '0621645651', '1909802511927', 'A', 'Active', '11111'),
(12345, 'thiti', 'prabun', '0935166934', '1955487632514', 'O', 'Active', '12345'),
(22453, 'Thitima', 'Prabuntow', '0935166935', '3909887515495', 'E', 'Active', '12345'),
(53725, 'Ratapumin', 'Naudom', '0621645650', '1909802511928', 'E', 'Active', '11111');

--
-- Indexes for dumped tables
--

--
-- Indexes for table `closedaily`
--
ALTER TABLE `closedaily`
  ADD PRIMARY KEY (`id`),
  ADD KEY `user_id` (`user_id`);

--
-- Indexes for table `customers`
--
ALTER TABLE `customers`
  ADD PRIMARY KEY (`c_id`),
  ADD UNIQUE KEY `c_tel` (`c_tel`);

--
-- Indexes for table `orders`
--
ALTER TABLE `orders`
  ADD PRIMARY KEY (`order_id`),
  ADD KEY `user_id` (`user_id`),
  ADD KEY `c_id` (`c_id`);

--
-- Indexes for table `order_detail`
--
ALTER TABLE `order_detail`
  ADD PRIMARY KEY (`order_detail_id`),
  ADD KEY `order_id` (`order_id`),
  ADD KEY `p_id` (`p_id`);

--
-- Indexes for table `points_history`
--
ALTER TABLE `points_history`
  ADD PRIMARY KEY (`id`),
  ADD KEY `c_id` (`c_id`),
  ADD KEY `points_history_ibfk_2` (`order_id`);

--
-- Indexes for table `products`
--
ALTER TABLE `products`
  ADD PRIMARY KEY (`p_id`);

--
-- Indexes for table `user_account`
--
ALTER TABLE `user_account`
  ADD PRIMARY KEY (`user_id`),
  ADD UNIQUE KEY `user_tel` (`user_tel`),
  ADD UNIQUE KEY `user_id_card` (`user_id_card`) USING BTREE;

--
-- AUTO_INCREMENT for dumped tables
--

--
-- AUTO_INCREMENT for table `closedaily`
--
ALTER TABLE `closedaily`
  MODIFY `id` int(11) NOT NULL AUTO_INCREMENT, AUTO_INCREMENT=44;

--
-- AUTO_INCREMENT for table `customers`
--
ALTER TABLE `customers`
  MODIFY `c_id` int(5) NOT NULL AUTO_INCREMENT, AUTO_INCREMENT=19;

--
-- AUTO_INCREMENT for table `order_detail`
--
ALTER TABLE `order_detail`
  MODIFY `order_detail_id` int(3) NOT NULL AUTO_INCREMENT, AUTO_INCREMENT=1673;

--
-- AUTO_INCREMENT for table `points_history`
--
ALTER TABLE `points_history`
  MODIFY `id` int(11) NOT NULL AUTO_INCREMENT, AUTO_INCREMENT=559;

--
-- AUTO_INCREMENT for table `products`
--
ALTER TABLE `products`
  MODIFY `p_id` int(5) NOT NULL AUTO_INCREMENT, AUTO_INCREMENT=10210206;

--
-- AUTO_INCREMENT for table `user_account`
--
ALTER TABLE `user_account`
  MODIFY `user_id` int(5) NOT NULL AUTO_INCREMENT, AUTO_INCREMENT=123457;

--
-- Constraints for dumped tables
--

--
-- Constraints for table `closedaily`
--
ALTER TABLE `closedaily`
  ADD CONSTRAINT `closedaily_user_id` FOREIGN KEY (`user_id`) REFERENCES `user_account` (`user_id`);

--
-- Constraints for table `orders`
--
ALTER TABLE `orders`
  ADD CONSTRAINT `orders_ibfk_1` FOREIGN KEY (`user_id`) REFERENCES `user_account` (`user_id`),
  ADD CONSTRAINT `orders_ibfk_2` FOREIGN KEY (`c_id`) REFERENCES `customers` (`c_id`);

--
-- Constraints for table `order_detail`
--
ALTER TABLE `order_detail`
  ADD CONSTRAINT `order_detail_ibfk_1` FOREIGN KEY (`order_id`) REFERENCES `orders` (`order_id`),
  ADD CONSTRAINT `order_detail_ibfk_2` FOREIGN KEY (`p_id`) REFERENCES `products` (`p_id`);

--
-- Constraints for table `points_history`
--
ALTER TABLE `points_history`
  ADD CONSTRAINT `points_history_ibfk_1` FOREIGN KEY (`c_id`) REFERENCES `customers` (`c_id`),
  ADD CONSTRAINT `points_history_ibfk_2` FOREIGN KEY (`order_id`) REFERENCES `orders` (`order_id`);
COMMIT;

/*!40101 SET CHARACTER_SET_CLIENT=@OLD_CHARACTER_SET_CLIENT */;
/*!40101 SET CHARACTER_SET_RESULTS=@OLD_CHARACTER_SET_RESULTS */;
/*!40101 SET COLLATION_CONNECTION=@OLD_COLLATION_CONNECTION */;
